tag_id,tag_similar_id,tag_name,tag_similar_word
L2_1,S1,糖尿病,糖尿病
L2_1,S2,糖尿病,DM
L2_1,S3,糖尿病,糖尿病人
L2_1,S4,糖尿病,糖尿病患者
L2_1,S5,糖尿病,认识糖尿病
L2_1,S6,糖尿病,Dm
L2_1,S7,糖尿病,dm
L2_1,S8,糖尿病,糖尿病病人
L2_2,S9,2型糖尿病,2型糖尿病
L2_2,S10,2型糖尿病,2型
L2_2,S11,2型糖尿病,Ⅱ型糖尿病
L2_2,S12,2型糖尿病,T2DM
L2_2,S13,2型糖尿病,二型糖尿病
L2_2,S14,2型糖尿病,二型
L2_2,S15,2型糖尿病,2 型糖尿
L2_2,S16,2型糖尿病,二型糖尿病
L2_2,S17,2型糖尿病,二性糖尿病
L2_3,S18,其它内分泌疾病,其它代谢性疾病
L2_3,S19,其它内分泌疾病,代谢综合征
L2_3,S20,其它内分泌疾病,多囊卵巢综合征
L2_3,S21,其它内分泌疾病,库欣综合征
L2_3,S22,其它内分泌疾病,低血钾
L2_3,S23,其它内分泌疾病,糖代谢性腺疾病
L2_3,S24,其它内分泌疾病,糖代谢异常指标
L2_3,S25,其它内分泌疾病,甲减
L2_3,S26,其它内分泌疾病,亚临床甲状腺功能减退症
L2_3,S27,其它内分泌疾病,肢端肥大症
L2_3,S28,其它内分泌疾病,高胰岛素血症
L2_3,S29,其它内分泌疾病,自身免疫性多内分泌腺病综合征
L2_3,S30,其它内分泌疾病,免疫性内分泌腺病综合征
L2_3,S31,其它内分泌疾病,抗磷脂综合症
L2_3,S32,其它内分泌疾病,APS
L2_3,S33,其它内分泌疾病,高尿酸血症
L2_3,S34,其它内分泌疾病,皮质功能不全
L2_3,S35,其它内分泌疾病,PCOS
L2_3,S36,其它内分泌疾病,甲亢
L2_3,S37,其它内分泌疾病,甲状腺疾病
L2_3,S38,其它内分泌疾病,亚甲炎
L2_3,S39,其它内分泌疾病,代谢疾病
L2_3,S40,其它内分泌疾病,女人长胡子
L2_3,S41,其它内分泌疾病,甲状腺肿
L2_3,S42,其它内分泌疾病,糖代谢紊乱
L2_3,S43,其它内分泌疾病,自身免疫综合征
L2_3,S44,其它内分泌疾病,高钾血症
L2_3,S45,其它内分泌疾病,生长激素瘤
L2_3,S46,其它内分泌疾病,Cushing病
L2_3,S47,其它内分泌疾病,Graves病
L2_3,S48,其它内分泌疾病,Prader-willi综合征
L2_3,S49,其它内分泌疾病,Turner综合征
L2_3,S50,其它内分泌疾病,甲状腺功能亢进
L2_3,S51,其它内分泌疾病,泌乳素瘤
L2_3,S52,其它内分泌疾病,肾上腺分泌
L2_3,S53,其它内分泌疾病,肾上腺功能
L2_3,S54,其它内分泌疾病,糖代谢异常
L2_3,S55,其它内分泌疾病,多囊卵巢
L2_3,S56,其它内分泌疾病,发育迟缓
L2_3,S57,其它内分泌疾病,甲状腺激素
L2_3,S58,其它内分泌疾病,甲状腺结节
L2_3,S59,其它内分泌疾病,甲状腺眼病
L2_3,S60,其它内分泌疾病,库欣
L2_3,S61,其它内分泌疾病,甲状腺功能
L2_3,S62,其它内分泌疾病,甲亢免疫治疗
L2_3,S63,其它内分泌疾病,特发性矮小
L2_3,S64,其它内分泌疾病,痛风
L2_3,S65,其它内分泌疾病,腺垂体功能减退
L2_3,S66,其它内分泌疾病,低钙血症
L2_3,S67,其它内分泌疾病,原发性醛固酮增多症
L2_3,S68,其它内分泌疾病,血钾低
L2_3,S69,其它内分泌疾病,高血钾
L2_3,S70,其它内分泌疾病,低钙血
L2_3,S71,其它内分泌疾病,雌激素水平
L2_3,S72,其它内分泌疾病,睾酮水平
L2_3,S73,其它内分泌疾病,伴肢端肥大
L2_3,S74,其它内分泌疾病,FT3降低
L2_3,S75,其它内分泌疾病,糖尿病神经源性膀胱
L2_3,S76,其它内分泌疾病,肾上腺皮质激素综合征
L2_3,S77,其它内分泌疾病,尿酸水平
L2_4,S78,糖尿病诊断,糖尿病诊断
L2_4,S79,糖尿病诊断,糖尿病诊疗标准
L2_4,S80,糖尿病诊断,糖尿病诊断试验
L2_4,S81,糖尿病诊断,分型
L2_4,S82,糖尿病诊断,分型诊断
L2_4,S83,糖尿病诊断,诊断治疗
L2_4,S84,糖尿病诊断,诊断治疗预防
L2_4,S85,糖尿病诊断,鉴别诊断
L2_4,S86,糖尿病诊断,筛查诊断
L2_4,S87,糖尿病诊断,早期诊断
L2_4,S88,糖尿病诊断,诊断标准
L2_4,S89,糖尿病诊断,诊断流程
L2_4,S90,糖尿病诊断,诊断模型
L2_4,S91,糖尿病诊断,糖尿病分型
L2_4,S92,糖尿病诊断,高血糖分型
L2_4,S93,糖尿病诊断,青少年糖尿病分型
L2_4,S94,糖尿病诊断,口干、多饮
L2_4,S95,糖尿病诊断,影像学
L2_4,S96,糖尿病诊断,IVGTT
L2_4,S97,糖尿病诊断,筛查糖尿病
L2_4,S98,糖尿病诊断,糖尿病自身抗体
L2_4,S99,糖尿病诊断,糖尿病抗体
L2_4,S100,糖尿病诊断,多饮
L2_4,S101,糖尿病诊断,糖筛
L2_4,S102,糖尿病诊断,糖尿病筛查
L2_4,S103,糖尿病诊断,糖尿病诊治
L2_4,S104,糖尿病诊断,糖尿病化验
L2_4,S105,糖尿病诊断,诊断糖尿病
L2_4,S106,糖尿病诊断,诊断2型糖尿病
L2_4,S107,糖尿病诊断,T2DM筛查
L2_4,S108,糖尿病诊断,T2DM诊断
L2_4,S109,糖尿病诊断,筛查和治疗
L2_4,S110,糖尿病诊断,糖尿病早期
L2_4,S111,糖尿病诊断,唾液检测
L2_4,S112,糖尿病诊断,早期筛查
L2_4,S113,糖尿病诊断,诊断指标
L2_4,S114,糖尿病诊断,早期发现糖尿病
L2_4,S115,糖尿病诊断,漏诊
L2_4,S116,糖尿病诊断,蜜月
L2_4,S117,糖尿病诊断,早期检测
L2_4,S118,糖尿病诊断,自身抗体
L2_4,S119,糖尿病诊断,指尖血血糖
L2_4,S120,糖尿病诊断,诊断
L2_4,S121,糖尿病诊断,刚得糖尿病了
L2_4,S122,糖尿病诊断,糖尿病筛查
L2_4,S123,糖尿病诊断,糖尿病的早期症状
L2_4,S124,糖尿病诊断,人群筛查
L2_4,S125,糖尿病诊断,早期发现糖尿病
L2_4,S126,糖尿病诊断,糖尿病的诊断
L2_4,S127,糖尿病诊断,筛查血糖
L2_4,S128,糖尿病诊断,诊断糖尿病
L2_4,S129,糖尿病诊断,确诊
L2_5,S130,新诊断的患者,新诊断患者
L2_5,S131,新诊断的患者,T2DM初诊患者
L2_5,S132,新诊断的患者,初发糖尿病
L2_5,S133,新诊断的患者,初诊糖尿病患者
L2_5,S134,新诊断的患者,新发
L2_5,S135,新诊断的患者,新发患者
L2_5,S136,新诊断的患者,初诊患者
L2_5,S137,新诊断的患者,糖尿病初发
L2_5,S138,新诊断的患者,初诊2型糖尿病
L2_5,S139,新诊断的患者,新糖尿病患者
L2_5,S140,新诊断的患者,早期干预
L2_5,S141,新诊断的患者,早期治疗
L2_5,S142,新诊断的患者,新诊糖友
L2_5,S143,新诊断的患者,新手糖尿病患者
L2_6,S144,流行病学,糖尿病现状
L2_6,S145,流行病学,发病率
L2_6,S146,流行病学,患病率
L2_6,S147,流行病学,普查
L2_6,S148,流行病学,流行特点
L2_7,S149,遗传,遗传
L2_7,S150,遗传,遗传学
L2_7,S151,遗传,妈妈胖
L2_7,S152,遗传,胖妈妈会生胖娃娃
L2_7,S153,遗传,遗传风险
L2_7,S154,遗传,遗传因素
L2_7,S155,遗传,糖尿病家族史
L2_7,S156,遗传,五口中四人
L2_8,S157,疾病机制,疾病机制
L2_8,S158,疾病机制,发病
L2_8,S159,疾病机制,发病机制
L2_9,S160,糖尿病风险,糖尿病风险
L2_9,S161,糖尿病风险,死亡风险
L2_9,S162,糖尿病风险,过早死亡
L2_9,S163,糖尿病风险,影响寿命
L2_9,S164,糖尿病风险,全因死亡风险
L2_9,S165,糖尿病风险,不良预后
L2_9,S166,糖尿病风险,糖尿病发生风险
L2_9,S167,糖尿病风险,胰岛自身免疫风险
L2_9,S168,糖尿病风险,风险评估
L2_10,S169,糖尿病常识,图文掌握
L2_10,S170,糖尿病常识,图文结合教使用
L2_10,S171,糖尿病常识,有趣科学研究
L2_10,S172,糖尿病常识,基础小知识
L2_10,S173,糖尿病常识,基础知识
L2_10,S174,糖尿病常识,糖尿病的演变
L2_10,S175,糖尿病常识,血糖调节过程
L2_10,S176,糖尿病常识,一图读懂
L2_10,S177,糖尿病常识,血糖那些事
L2_10,S178,糖尿病常识,2型糖尿病有哪些特点
L2_10,S179,糖尿病常识,8个锦囊
L2_10,S180,糖尿病常识,常识
L2_10,S181,糖尿病常识,传言可信吗
L2_10,S182,糖尿病常识,当心糖尿病
L2_10,S183,糖尿病常识,改变糖尿病
L2_10,S184,糖尿病常识,关于糖尿病
L2_10,S185,糖尿病常识,哪些人容易得糖尿病
L2_10,S186,糖尿病常识,哪些人容易患上糖尿病
L2_10,S187,糖尿病常识,你不知道的糖尿病
L2_10,S188,糖尿病常识,容易得糖尿病
L2_10,S189,糖尿病常识,什么是糖尿病
L2_10,S190,糖尿病常识,生活这枚糖衣炮弹
L2_10,S191,糖尿病常识,糖尿病成因
L2_10,S192,糖尿病常识,糖尿病到底有多可怕
L2_10,S193,糖尿病常识,糖尿病的认知误区
L2_10,S194,糖尿病常识,糖尿病的神秘面纱
L2_10,S195,糖尿病常识,糖尿病的误解
L2_10,S196,糖尿病常识,糖尿病人生
L2_10,S197,糖尿病常识,糖尿病是这样得的
L2_10,S198,糖尿病常识,糖尿病误区
L2_10,S199,糖尿病常识,糖尿病症状
L2_10,S200,糖尿病常识,易患糖尿病
L2_10,S201,糖尿病常识,应对糖尿病
L2_10,S202,糖尿病常识,与糖尿病相混淆的疾病
L2_10,S203,糖尿病常识,真的离你还远吗
L2_10,S204,糖尿病常识,祖传秘方
L2_10,S205,糖尿病常识,治愈
L2_10,S206,糖尿病常识,到底有多可怕
L2_10,S207,糖尿病常识,糖尿病会传染吗
L2_10,S208,糖尿病常识,糖尿病分多少种类型
L2_10,S209,糖尿病常识,糖尿病“偏爱”
L2_10,S210,糖尿病常识,三多一少
L2_10,S211,糖尿病常识,不是不治之症
L2_10,S212,糖尿病常识,糖尿病“偏爱”
L2_10,S213,糖尿病常识,可以根治的吗
L2_10,S214,糖尿病常识,糖尿病是怎么发生的
L2_10,S215,糖尿病常识,对身体会有哪些影响
L2_10,S216,糖尿病常识,糖尿病爱“招惹”
L2_10,S217,糖尿病常识,糖尿病到底是怎么回事
L2_10,S218,糖尿病常识,糖尿病防误区
L2_10,S219,糖尿病常识,七大错误认知
L2_10,S220,糖尿病常识,糖尿病有哪些类型
L2_10,S221,糖尿病常识,怎样看门诊
L2_10,S222,糖尿病常识,糖尿病有什么症状
L2_10,S223,糖尿病常识,错误的认识
L2_10,S224,糖尿病常识,到底有多可怕
L2_10,S225,糖尿病常识,糖尿病的认识历史
L2_10,S226,糖尿病常识,为什么我会得糖尿病
L2_10,S227,糖尿病常识,糖尿病爱“招惹”13种人
L2_10,S228,糖尿病常识,糖尿病会对我有什么危害
L2_10,S229,糖尿病常识,糖尿病7大常见误区
L2_10,S230,糖尿病常识,有哪些症状
L2_10,S231,糖尿病常识,糖尿病是如何分类
L2_10,S232,糖尿病常识,糖尿病谣言误区
L2_10,S233,糖尿病常识,这7种情况下
L2_10,S234,糖尿病常识,三多一少
L2_10,S235,糖尿病常识,是时候说说糖尿病了 
L2_10,S236,糖尿病常识,之间会传染
L2_10,S237,糖尿病常识,得糖尿病算啥
L2_10,S238,糖尿病常识,糖尿病知识
L2_10,S239,糖尿病常识,糖尿病十大典型症状
L2_10,S240,糖尿病常识,2 型糖尿病
L2_10,S241,糖尿病常识,什么类型糖尿病
L2_10,S242,糖尿病常识,病情轻重
L2_10,S243,糖尿病常识,不知怎么就高
L2_10,S244,糖尿病常识,茶会解药吗
L2_10,S245,糖尿病常识,吃了升起来又降的下去
L2_10,S246,糖尿病常识,初识糖尿病
L2_10,S247,糖尿病常识,一般能活几年
L2_10,S248,糖尿病常识,恶性糖尿病
L2_10,S249,糖尿病常识,二型糖尿病
L2_10,S250,糖尿病常识,二性糖尿病
L2_10,S251,糖尿病常识,发现为糖尿病
L2_10,S252,糖尿病常识,害怕糖尿病
L2_10,S253,糖尿病常识,糖尿病的人能活多长
L2_10,S254,糖尿病常识,老年性糖尿病
L2_10,S255,糖尿病常识,蜜日期
L2_10,S256,糖尿病常识,我糖尿病有5年了
L2_10,S257,糖尿病常识,尿量少
L2_10,S258,糖尿病常识,健康宣教资料
L2_10,S259,糖尿病常识,糖尿病孪生
L2_10,S260,糖尿病常识,什么事糖尿病
L2_10,S261,糖尿病常识,2型精尿病
L2_10,S262,糖尿病常识,十八岁怎么会有糖尿病
L2_10,S263,糖尿病常识,谈尿病犯者
L2_10,S264,糖尿病常识,唐尿病人
L2_10,S265,糖尿病常识,糖尿病标准
L2_10,S266,糖尿病常识,床旁十问
L2_10,S267,糖尿病常识,糖尿病的分类
L2_10,S268,糖尿病常识,糖尿病的危害
L2_10,S269,糖尿病常识,糖尿病的症状
L2_10,S270,糖尿病常识,糖尿病发展特征
L2_10,S271,糖尿病常识,糖尿病分级
L2_10,S272,糖尿病常识,糖尿病分类
L2_10,S273,糖尿病常识,糖尿病概论
L2_10,S274,糖尿病常识,糖尿病概念
L2_10,S275,糖尿病常识,糖尿病刚刚开始什么9症状
L2_10,S276,糖尿病常识,糖尿病还能呼多久
L2_10,S277,糖尿病常识,糖尿病患者的福音
L2_10,S278,糖尿病常识,糖尿病患者前期症状
L2_10,S279,糖尿病常识,糖尿病患者寿命
L2_10,S280,糖尿病常识,糖尿病会好吗
L2_10,S281,糖尿病常识,糖尿病可以活多少年
L2_10,S282,糖尿病常识,糖尿病历史
L2_10,S283,糖尿病常识,糖尿病能活多久
L2_10,S284,糖尿病常识,糖尿病能结婚吗
L2_10,S285,糖尿病常识,糖尿病起因
L2_10,S286,糖尿病常识,糖尿病前瞻
L2_10,S287,糖尿病常识,糖尿病前瞻
L2_10,S288,糖尿病常识,糖尿病前瞻
L2_10,S289,糖尿病常识,可以生育吗
L2_10,S290,糖尿病常识,糖尿病人口
L2_10,S291,糖尿病常识,糖尿病如何分类
L2_10,S292,糖尿病常识,糖尿病什么症状
L2_10,S293,糖尿病常识,糖尿病是如何形成的
L2_10,S294,糖尿病常识,糖尿病是什么
L2_10,S295,糖尿病常识,糖尿病寿命
L2_10,S296,糖尿病常识,糖尿病危险不
L2_10,S297,糖尿病常识,糖尿病危险吗
L2_10,S298,糖尿病常识,糖尿病应该怎么看待
L2_10,S299,糖尿病常识,糖尿病应该注意什么
L2_10,S300,糖尿病常识,糖尿病有关系吗
L2_10,S301,糖尿病常识,糖尿病有假性的吗
L2_10,S302,糖尿病常识,糖尿病有哪些误区
L2_10,S303,糖尿病常识,糖尿病怎么得的
L2_10,S304,糖尿病常识,糖尿病怎么控制
L2_10,S305,糖尿病常识,糖尿病怎样控制最好
L2_10,S306,糖尿病常识,糖尿病知晓率
L2_10,S307,糖尿病常识,糖人的器官功能
L2_10,S308,糖尿病常识,体内的炎症
L2_10,S309,糖尿病常识,调理与寿命
L2_10,S310,糖尿病常识,为什么会得天糖尿病
L2_10,S311,糖尿病常识,还能活几年
L2_10,S312,糖尿病常识,我没有糖尿病孩子为什么会有
L2_10,S313,糖尿病常识,男朋友有糖尿病
L2_10,S314,糖尿病常识,手在夜里发干
L2_10,S315,糖尿病常识,有什么危害
L2_10,S316,糖尿病常识,学会这些技巧
L2_10,S317,糖尿病常识,早期糖尿病
L2_10,S318,糖尿病常识,怎么确定是糖尿病
L2_10,S319,糖尿病常识,怎么样才算糖尿病
L2_10,S320,糖尿病常识,口很干
L2_10,S321,糖尿病常识,最早期糖尿病可逆转
L2_11,S322,糖尿病预防,糖尿病防控
L2_11,S323,糖尿病预防,糖尿病预防
L2_11,S324,糖尿病预防,防治糖尿病
L2_11,S325,糖尿病预防,糖尿病防治
L2_11,S326,糖尿病预防,阿司匹林
L2_11,S327,糖尿病预防,一级预防
L2_11,S328,糖尿病预防,预防策略
L2_11,S329,糖尿病预防,高糖时代
L2_11,S330,糖尿病预防,糖尿病先兆
L2_11,S331,糖尿病预防,糖尿病危险因素
L2_11,S332,糖尿病预防,2型糖尿病的三级预防
L2_11,S333,糖尿病预防,糖尿病人早期症状
L2_11,S334,糖尿病预防,糖尿病征兆
L2_11,S335,糖尿病预防,预防糖尿病
L2_11,S336,糖尿病预防,避免糖尿病
L2_11,S337,糖尿病预防,防住糖尿病
L2_11,S338,糖尿病预防,糖尿病的预防
L2_11,S339,糖尿病预防,预防2型糖尿病
L2_11,S340,糖尿病预防,远离糖尿病
L2_11,S341,糖尿病预防,防糖尿病
L2_11,S342,糖尿病预防,做到4点可远离
L2_11,S343,糖尿病预防,糖尿病潜伏期
L2_11,S344,糖尿病预防,糖尿病未爆发前控制住
L2_12,S345,糖尿病前期,糖尿病前期
L2_12,S346,糖尿病前期,IGT
L2_12,S347,糖尿病前期,IFG
L2_12,S348,糖尿病前期,IGT人群
L2_12,S349,糖尿病前期,空腹血糖受损
L2_12,S350,糖尿病前期,糖耐量受损
L2_12,S351,糖尿病前期,葡萄糖受损
L2_12,S352,糖尿病前期,糖前期治疗
L2_12,S353,糖尿病前期,糖前期
L2_12,S354,糖尿病前期,Igt
L2_12,S355,糖尿病前期,igt
L2_13,S356,1型糖尿病,1型糖尿病
L2_13,S357,1型糖尿病,1型
L2_13,S358,1型糖尿病,1型糖尿病群体
L2_13,S359,1型糖尿病,T1DM
L2_13,S360,1型糖尿病,T1DM患者
L2_13,S361,1型糖尿病,爆发性1型糖尿病
L2_13,S362,1型糖尿病,I型糖尿病
L2_13,S363,1型糖尿病,初发1型糖尿病
L2_13,S364,1型糖尿病,9岁开始
L2_13,S365,1型糖尿病,一型糖尿病
L2_13,S366,1型糖尿病,一型
L2_13,S367,1型糖尿病,丨型糖尿病
L2_13,S368,1型糖尿病,i型糖尿病
L2_13,S369,1型糖尿病,一形糖尿病
L2_14,S370,儿童患者,儿童
L2_14,S371,儿童患者,小儿
L2_14,S372,儿童患者,小胖墩
L2_14,S373,儿童患者,儿童期糖尿病
L2_14,S374,儿童患者,儿童期
L2_14,S375,儿童患者,小糖人
L2_15,S376,妊娠期糖尿病,ACOG
L2_15,S377,妊娠期糖尿病,母婴结局
L2_15,S378,妊娠期糖尿病,产妇
L2_15,S379,妊娠期糖尿病,产后管理
L2_15,S380,妊娠期糖尿病,分娩
L2_15,S381,妊娠期糖尿病,妊娠期高泌乳素血症
L2_15,S382,妊娠期糖尿病,妊娠期高血糖
L2_15,S383,妊娠期糖尿病,妊娠糖尿病管理
L2_15,S384,妊娠期糖尿病,孕妇
L2_15,S385,妊娠期糖尿病,新生儿
L2_15,S386,妊娠期糖尿病,胎儿
L2_15,S387,妊娠期糖尿病,GDM
L2_15,S388,妊娠期糖尿病,脂联素
L2_15,S389,妊娠期糖尿病,妊娠期
L2_15,S390,妊娠期糖尿病,产后腰痛
L2_15,S391,妊娠期糖尿病,孕妈
L2_15,S392,妊娠期糖尿病,孕糖
L2_15,S393,妊娠期糖尿病,准妈妈
L2_15,S394,妊娠期糖尿病,预防糖宝宝
L2_15,S395,妊娠期糖尿病,新手爸妈
L2_15,S396,妊娠期糖尿病,备孕
L2_15,S397,妊娠期糖尿病,糖妈妈
L2_15,S398,妊娠期糖尿病,糖尿病妇女孕育
L2_15,S399,妊娠期糖尿病,生娃记
L2_15,S400,妊娠期糖尿病,怀个孕
L2_15,S401,妊娠期糖尿病,宝宝
L2_15,S402,妊娠期糖尿病,怀孕
L2_15,S403,妊娠期糖尿病,妊娠糖尿病
L2_15,S404,妊娠期糖尿病,孕期
L2_15,S405,妊娠期糖尿病,妊娠期糖尿病
L2_15,S406,妊娠期糖尿病,生小孩
L2_15,S407,妊娠期糖尿病,妊娠
L2_15,S408,妊娠期糖尿病,哺乳期
L2_15,S409,妊娠期糖尿病,妊辰糖尿病
L2_15,S410,妊娠期糖尿病,妊糖
L2_15,S411,妊娠期糖尿病,娠尿病
L2_15,S412,妊娠期糖尿病,糖尿病能喂孩子吗
L2_15,S413,妊娠期糖尿病,能母乳喂孩子吗
L2_15,S414,妊娠期糖尿病,能喂奶吗
L2_15,S415,妊娠期糖尿病,糖尿病生的孩子
L2_15,S416,妊娠期糖尿病,哺乳影响
L2_15,S417,妊娠期糖尿病,妊辰期糖尿病
L2_15,S418,妊娠期糖尿病,孕初期糖尿病
L2_16,S419,特殊类型糖尿病,特殊类型糖尿病
L2_16,S420,特殊类型糖尿病,隐匿性免疫糖尿病
L2_16,S421,特殊类型糖尿病,5型糖尿病
L2_16,S422,特殊类型糖尿病,3C型糖尿病
L2_16,S423,特殊类型糖尿病,双重糖尿病
L2_16,S424,特殊类型糖尿病,LADA
L2_16,S425,特殊类型糖尿病,MODY
L2_16,S426,特殊类型糖尿病,特殊类型
L2_16,S427,特殊类型糖尿病,继发糖尿病
L2_16,S428,特殊类型糖尿病,继发性糖尿病
L2_16,S429,特殊类型糖尿病,需要鼻饲
L2_16,S430,特殊类型糖尿病,需用激素治疗
L2_16,S431,特殊类型糖尿病,应激性高血糖
L2_16,S432,特殊类型糖尿病,清晨高血糖
L2_16,S433,特殊类型糖尿病,单基因糖尿病
L2_16,S434,特殊类型糖尿病,线粒体突变糖尿病
L2_16,S435,特殊类型糖尿病,线粒体糖尿病
L2_16,S436,特殊类型糖尿病,脂肪萎缩性糖尿病
L2_16,S437,特殊类型糖尿病,胰腺纤维钙化性糖尿病
L2_16,S438,特殊类型糖尿病,吸毒
L2_16,S439,特殊类型糖尿病,纤维结石性胰腺性糖尿病
L2_16,S440,特殊类型糖尿病,FCPD
L2_16,S441,特殊类型糖尿病,暴发型糖尿病
L2_16,S442,特殊类型糖尿病,3C型
L2_16,S443,特殊类型糖尿病,3型糖尿病
L2_16,S444,特殊类型糖尿病,线粒体基因突变糖尿病
L2_16,S445,特殊类型糖尿病,自身免疫糖尿病
L2_16,S446,特殊类型糖尿病,类固醇糖尿病
L2_16,S447,特殊类型糖尿病,早发型糖尿病
L2_16,S448,特殊类型糖尿病,1B型糖尿病
L2_16,S449,特殊类型糖尿病,早发2型糖尿病
L2_16,S450,特殊类型糖尿病,自身免疫性糖尿病
L2_16,S451,特殊类型糖尿病,隐形糖尿病
L2_16,S452,特殊类型糖尿病,不同糖尿病
L2_16,S453,特殊类型糖尿病,特殊糖尿病
L2_17,S454,老年患者,老年患者
L2_17,S455,老年患者,高龄
L2_17,S456,老年患者,高龄患者
L2_17,S457,老年患者,老年人
L2_17,S458,老年患者,老年
L2_17,S459,老年患者,老人
L2_18,S460,成年患者,成年患者
L2_18,S461,成年患者,成年
L2_18,S462,成年患者,成年人
L2_19,S463,青少年患者,青少年患者
L2_19,S464,青少年患者,青少年
L2_19,S465,青少年患者,青少年糖尿病
L2_19,S466,青少年患者,年轻患者
L2_19,S467,青少年患者,青年起病
L2_19,S468,青少年患者,青年DM
L2_19,S469,青少年患者,年轻
L2_19,S470,青少年患者,青年
L2_19,S471,青少年患者,中青年
L2_19,S472,青少年患者,年轻人
L2_20,S473,住院/出院,住院患者
L2_20,S474,住院/出院,出院
L2_20,S475,住院/出院,出院后
L2_20,S476,住院/出院,出院后续治疗
L2_20,S477,住院/出院,出院治疗
L2_20,S478,住院/出院,患者出院
L2_20,S479,住院/出院,院内
L2_20,S480,住院/出院,住院出院患者
L2_20,S481,住院/出院,住院
L2_20,S482,住院/出院,住院患者
L2_20,S483,住院/出院,住院期间
L2_20,S484,住院/出院,出院患者
L2_20,S485,住院/出院,糖尿病查房
L2_20,S486,住院/出院,住院治疗
L2_21,S487,围手术期相关,围手术期患者
L2_21,S488,围手术期相关,手术部位感染
L2_21,S489,围手术期相关,需要手术
L2_21,S490,围手术期相关,围术期
L2_21,S491,围手术期相关,直肠癌手术期间
L2_21,S492,围手术期相关,子宫内膜癌术后
L2_21,S493,围手术期相关,外科手术
L2_21,S494,围手术期相关,术后低血糖
L2_21,S495,围手术期相关,手术感染
L2_21,S496,围手术期相关,手术相关
L2_21,S497,围手术期相关,手术
L2_21,S498,围手术期相关,脾切除
L2_21,S499,围手术期相关,手术前
L2_21,S500,围手术期相关,做手术
L2_22,S501,体型偏瘦,体型偏瘦
L2_22,S502,体型偏瘦,体型偏瘦患者
L2_22,S503,体型偏瘦,消瘦T2DM
L2_22,S504,体型偏瘦,苗条
L2_22,S505,体型偏瘦,体重急剧下降
L2_22,S506,体型偏瘦,消瘦
L2_22,S507,体型偏瘦,偏瘦
L2_22,S508,体型偏瘦,偏瘦患者
L2_22,S509,体型偏瘦,瘦人
L2_22,S510,体型偏瘦,太瘦
L2_22,S511,体型偏瘦,暴瘦
L2_23,S512,体型正常,体型正常
L2_23,S513,体型正常,体型正常患者
L2_23,S514,体型正常,体型
L2_23,S515,体型正常,正常体型
L2_24,S516,体型超重/肥胖,体型超重/肥胖患者
L2_24,S517,体型超重/肥胖,肥胖T2DM患者
L2_24,S518,体型超重/肥胖,超重
L2_24,S519,体型超重/肥胖,肥胖型糖尿病
L2_24,S520,体型超重/肥胖,肥胖
L2_24,S521,体型超重/肥胖,超度肥胖
L2_24,S522,体型超重/肥胖,食物成瘾
L2_24,S523,体型超重/肥胖,Diabulimia
L2_24,S524,体型超重/肥胖,肥胖者
L2_24,S525,体型超重/肥胖,发胖
L2_24,S526,体型超重/肥胖,成年期增重显著
L2_24,S527,体型超重/肥胖,小胖墩
L2_24,S528,体型超重/肥胖,体型超重
L2_24,S529,体型超重/肥胖,肥胖患者
L2_24,S530,体型超重/肥胖,胖纸
L2_24,S531,体型超重/肥胖,苹果型身材
L2_24,S532,体型超重/肥胖,肥胖患者
L2_24,S533,体型超重/肥胖,肥胖伴高胰岛素血症
L2_24,S534,体型超重/肥胖,腰围表型
L2_24,S535,体型超重/肥胖,减重降糖治疗
L2_24,S536,体型超重/肥胖,减肥
L2_24,S537,体型超重/肥胖,节食减肥药
L2_24,S538,体型超重/肥胖,体重增加
L2_24,S539,体型超重/肥胖,肥胖/超重
L2_24,S540,体型超重/肥胖,腹型肥胖
L2_24,S541,体型超重/肥胖,体重管理
L2_24,S542,体型超重/肥胖,胖子
L2_24,S543,体型超重/肥胖,胖
L2_24,S544,体型超重/肥胖,TCF7L2
L2_24,S545,体型超重/肥胖,降糖减围
L2_24,S546,体型超重/肥胖,颈围
L2_24,S547,体型超重/肥胖,腰围
L2_24,S548,体型超重/肥胖,BMI
L2_24,S549,体型超重/肥胖,内脏脂肪
L2_24,S550,体型超重/肥胖,脂肪组织
L2_24,S551,体型超重/肥胖,下丘脑性肥胖
L2_24,S552,体型超重/肥胖,体重
L2_24,S553,体型超重/肥胖,无需节食
L2_24,S554,体型超重/肥胖,减重
L2_24,S555,体型超重/肥胖,体脂
L2_24,S556,体型超重/肥胖,体重减轻
L2_24,S557,体型超重/肥胖,将军肚
L2_24,S558,体型超重/肥胖,防肥指数
L2_24,S559,体型超重/肥胖,腹型肥胖
L2_24,S560,体型超重/肥胖,偏胖
L2_24,S561,体型超重/肥胖,减不了肥
L2_24,S562,体型超重/肥胖,不能吃零食
L2_25,S563,血糖监测,血糖监测
L2_25,S564,血糖监测,动态血糖监测
L2_25,S565,血糖监测,监测图
L2_25,S566,血糖监测,CGMS
L2_25,S567,血糖监测,静脉血糖
L2_25,S568,血糖监测,指血血糖
L2_25,S569,血糖监测,末梢（如手指）血糖
L2_25,S570,血糖监测,口水验血糖
L2_25,S571,血糖监测,临床疗效
L2_25,S572,血糖监测,临床疗效观察
L2_25,S573,血糖监测,血糖自测
L2_25,S574,血糖监测,血糖值
L2_25,S575,血糖监测,葡萄糖耐受状态
L2_25,S576,血糖监测,动态血糖检测
L2_25,S577,血糖监测,动态血糖
L2_25,S578,血糖监测,动态血糖仪
L2_25,S579,血糖监测,末梢血糖
L2_25,S580,血糖监测,全天血糖
L2_25,S581,血糖监测,血糖平稳
L2_25,S582,血糖监测,测量血糖
L2_25,S583,血糖监测,血糖的自我监控
L2_25,S584,血糖监测,血糖监控
L2_25,S585,血糖监测,监控血糖
L2_25,S586,血糖监测,血糖的监控
L2_25,S587,血糖监测,血糖
L2_25,S588,血糖监测,血糖标准
L2_25,S589,血糖监测,胰岛素水平
L2_25,S590,血糖监测,测了血糖
L2_25,S591,血糖监测,测一次血糖
L2_25,S592,血糖监测,查多少次血糖
L2_25,S593,血糖监测,多久测一次
L2_25,S594,血糖监测,多久测一次血糖
L2_25,S595,血糖监测,规律监测
L2_25,S596,血糖监测,监测
L2_25,S597,血糖监测,监测误区
L2_25,S598,血糖监测,全方位监测
L2_25,S599,血糖监测,筛查
L2_25,S600,血糖监测,糖化血红蛋白监测
L2_25,S601,血糖监测,血糖不知道怎样测
L2_25,S602,血糖监测,血糖测不准
L2_25,S603,血糖监测,血糖检测
L2_25,S604,血糖监测,血糖究竟如何测
L2_25,S605,血糖监测,验血糖
L2_25,S606,血糖监测,应该检查哪几项
L2_25,S607,血糖监测,指尖血
L2_25,S608,血糖监测,自我监测
L2_25,S609,血糖监测,控血糖
L2_25,S610,血糖监测,测血糖
L2_25,S611,血糖监测,血糖监测
L2_25,S612,血糖监测,测量
L2_25,S613,血糖监测,监测血糖
L2_25,S614,血糖监测,血糖测试
L2_25,S615,血糖监测,血糖记录
L2_25,S616,血糖监测,采血
L2_25,S617,血糖监测,测糖
L2_25,S618,血糖监测,耐糖量
L2_25,S619,血糖监测,糖耐测试
L2_25,S620,血糖监测,攴后血瑭
L2_25,S621,血糖监测,手指采血
L2_25,S622,血糖监测,血糠
L2_25,S623,血糖监测,采指血
L2_25,S624,血糖监测,釆血笔
L2_25,S625,血糖监测,自我检测
L2_26,S626,空腹血糖,空腹血糖
L2_26,S627,空腹血糖,高空腹血糖
L2_26,S628,空腹血糖,空腹高血糖
L2_26,S629,空腹血糖,空腹血糖达标
L2_26,S630,空腹血糖,空腹血糖
L2_26,S631,空腹血糖,空腹
L2_26,S632,空腹血糖,餐前
L2_26,S633,空腹血糖,空腹血糖高
L2_26,S634,空腹血糖,餐前血糖
L2_26,S635,空腹血糖,空复
L2_27,S636,餐后血糖,餐后血糖
L2_27,S637,餐后血糖,餐后
L2_27,S638,餐后血糖,餐后高血糖
L2_27,S639,餐后血糖,餐后血糖管理
L2_27,S640,餐后血糖,午餐后血糖控制不佳
L2_27,S641,餐后血糖,早餐后高血糖
L2_27,S642,餐后血糖,餐后血糖控制不佳
L2_27,S643,餐后血糖,饭后
L2_27,S644,餐后血糖,歺后
L2_27,S645,餐后血糖,餐二
L2_27,S646,餐后血糖,餐一
L2_28,S647,餐前血糖,餐前血糖
L2_28,S648,餐前血糖,晚餐前高血糖
L2_28,S649,餐前血糖,午餐前高血糖
L2_29,S650,糖化血红蛋白,糖化血红蛋白
L2_29,S651,糖化血红蛋白,HbA1c
L2_29,S652,糖化血红蛋白,糖化
L2_29,S653,糖化血红蛋白,血红蛋白指数
L2_29,S654,糖化血红蛋白,HGI
L2_29,S655,糖化血红蛋白,hgi
L2_29,S656,糖化血红蛋白,Hgi
L2_30,S657,口服葡萄糖耐量试验,口服葡萄糖耐量试验
L2_30,S658,口服葡萄糖耐量试验,OGTT
L2_30,S659,口服葡萄糖耐量试验,葡萄糖耐量试验
L2_30,S660,口服葡萄糖耐量试验,ogtt
L2_30,S661,口服葡萄糖耐量试验,糖耐量试验
L2_30,S662,口服葡萄糖耐量试验,糖耐量
L2_31,S663,胰岛功能,胰岛功能
L2_31,S664,胰岛功能,胰岛β细胞保护
L2_31,S665,胰岛功能,β细胞
L2_31,S666,胰岛功能,C肽
L2_31,S667,胰岛功能,胰岛B细胞
L2_31,S668,胰岛功能,β细胞功能
L2_31,S669,胰岛功能,蜜月期
L2_31,S670,胰岛功能,蜜月期
L2_31,S671,胰岛功能,抗胰岛细胞抗体
L2_31,S672,胰岛功能,C-肽
L2_31,S673,胰岛功能,胰岛素分泌
L2_31,S674,胰岛功能,产胰岛素细胞
L2_31,S675,胰岛功能,胰岛素分泌增加
L2_31,S676,胰岛功能,胰岛素分泌
L2_31,S677,胰岛功能,胰岛素敏感性
L2_31,S678,胰岛功能,姨岛素功能800
L2_31,S679,胰岛功能,姨岛素800
L2_31,S680,胰岛功能,c肽
L2_32,S681,胰岛素抵抗,胰岛素抵抗
L2_32,S682,胰岛素抵抗,严重胰岛素抵抗
L2_32,S683,胰岛素抵抗,胰岛素抗体阳性
L2_33,S684,相关检查,尿检
L2_33,S685,相关检查,验尿
L2_33,S686,相关检查,定期筛查甲状腺功能
L2_33,S687,相关检查,体检
L2_33,S688,相关检查,其它检查
L2_33,S689,相关检查,检查时间
L2_33,S690,相关检查,需要做的检查
L2_33,S691,相关检查,酮体
L2_33,S692,相关检查,甘油三酯
L2_33,S693,相关检查,血红蛋白
L2_33,S694,相关检查,糖耐测试
L2_33,S695,相关检查,尿酸
L2_33,S696,相关检查,检查什么
L2_33,S697,相关检查,GAD
L2_33,S698,相关检查,神传检查
L2_33,S699,相关检查,gi
L2_33,S700,相关检查,转氨酶高
L2_33,S701,相关检查,GI值
L2_33,S702,相关检查,科室检查
L2_33,S703,相关检查,gl
L2_33,S704,相关检查,排便次数
L2_33,S705,相关检查,gl GI
L2_33,S706,相关检查,IAA
L2_33,S707,相关检查,BM
L2_33,S708,相关检查,查心
L2_33,S709,相关检查,甲状腺素
L2_33,S710,相关检查,晨反应
L2_33,S711,相关检查,检查什么项目
L2_33,S712,相关检查,促甲状腺偏低
L2_33,S713,相关检查,尿acr
L2_33,S714,相关检查,复查检查什么
L2_33,S715,相关检查,尿微量白蛋白
L2_33,S716,相关检查,复查
L2_33,S717,相关检查,CAT
L2_33,S718,相关检查,糖耐
L2_33,S719,相关检查,CT
L2_33,S720,相关检查,怎么检查
L2_33,S721,相关检查,宫腔镜
L2_33,S722,相关检查,肌肝
L2_33,S723,相关检查,指标
L2_33,S724,相关检查,肌酐比值
L2_33,S725,相关检查,BIM
L2_33,S726,相关检查,基因检测
L2_33,S727,相关检查,定期检查
L2_33,S728,相关检查,化验结果
L2_33,S729,相关检查,不查这些项目
L2_33,S730,相关检查,“糖友”检查
L2_34,S731,血糖波动,血糖波动
L2_34,S732,血糖波动,难治性糖尿病
L2_34,S733,血糖波动,脆性糖尿病
L2_34,S734,血糖波动,脆性血糖
L2_34,S735,血糖波动,糖尿病失控
L2_34,S736,血糖波动,血糖波动大
L2_34,S737,血糖波动,波动
L2_34,S738,血糖波动,忽高忽低
L2_34,S739,血糖波动,血糖波动
L2_34,S740,血糖波动,时高时低
L2_35,S741,血糖控制不佳,血糖控制不佳
L2_35,S742,血糖控制不佳,血糖控制不稳
L2_35,S743,血糖控制不佳,达标率低
L2_35,S744,血糖控制不佳,血糖异常
L2_35,S745,血糖控制不佳,胰岛素效果不佳
L2_35,S746,血糖控制不佳,引起血糖异常
L2_35,S747,血糖控制不佳,四个加号
L2_35,S748,血糖控制不佳,血糖变异性增高
L2_35,S749,血糖控制不佳,糖尿病控制不佳
L2_35,S750,血糖控制不佳,高糖毒性
L2_35,S751,血糖控制不佳,血糖居高不下
L2_35,S752,血糖控制不佳,血糖忽高忽低
L2_35,S753,血糖控制不佳,血糖高
L2_35,S754,血糖控制不佳,高血糖
L2_35,S755,血糖控制不佳,血糖升高
L2_35,S756,血糖控制不佳,偏高
L2_35,S757,血糖控制不佳,升高
L2_35,S758,血糖控制不佳,血糖控制不好
L2_35,S759,血糖控制不佳,不达标
L2_36,S760,血糖控制,高血糖
L2_36,S761,血糖控制,高血糖管理
L2_36,S762,血糖控制,血糖管理
L2_36,S763,血糖控制,注重血糖
L2_36,S764,血糖控制,病情控制
L2_36,S765,血糖控制,对抗糖魔
L2_36,S766,血糖控制,好血糖
L2_36,S767,血糖控制,合理控制血糖
L2_36,S768,血糖控制,控糖常识
L2_36,S769,血糖控制,控糖方法
L2_36,S770,血糖控制,控糖经验
L2_36,S771,血糖控制,控糖小窍门
L2_36,S772,血糖控制,控糖效果
L2_36,S773,血糖控制,控制标准
L2_36,S774,血糖控制,控制好血糖
L2_36,S775,血糖控制,控制目标
L2_36,S776,血糖控制,控制血糖
L2_36,S777,血糖控制,如何调整血糖
L2_36,S778,血糖控制,什么是血糖
L2_36,S779,血糖控制,糖尿病控制
L2_36,S780,血糖控制,调节血糖
L2_36,S781,血糖控制,稳定血糖
L2_36,S782,血糖控制,血糖变化
L2_36,S783,血糖控制,血糖飙升
L2_36,S784,血糖控制,血糖不好
L2_36,S785,血糖控制,血糖不稳
L2_36,S786,血糖控制,血糖达标
L2_36,S787,血糖控制,血糖定义
L2_36,S788,血糖控制,血糖峰值
L2_36,S789,血糖控制,血糖好
L2_36,S790,血糖控制,血糖好了
L2_36,S791,血糖控制,血糖降不下
L2_36,S792,血糖控制,血糖降低
L2_36,S793,血糖控制,血糖降下去
L2_36,S794,血糖控制,血糖较高
L2_36,S795,血糖控制,血糖就飙升
L2_36,S796,血糖控制,血糖目标
L2_36,S797,血糖控制,血糖偶尔
L2_36,S798,血糖控制,血糖偏高
L2_36,S799,血糖控制,血糖平稳
L2_36,S800,血糖控制,血糖容易升高
L2_36,S801,血糖控制,血糖是什么
L2_36,S802,血糖控制,血糖误区
L2_36,S803,血糖控制,血糖指标
L2_36,S804,血糖控制,影响血糖
L2_36,S805,血糖控制,血糖值
L2_36,S806,血糖控制,血糖控制
L2_36,S807,血糖控制,降糖
L2_36,S808,血糖控制,正常值
L2_36,S809,血糖控制,稳定
L2_36,S810,血糖控制,控糖
L2_36,S811,血糖控制,下降
L2_36,S812,血糖控制,标准值
L2_36,S813,血糖控制,不高
L2_36,S814,血糖控制,达标
L2_36,S815,血糖控制,血糖控制目标
L2_36,S816,血糖控制,抗糖历程
L2_36,S817,血糖控制,控糖路上
L2_36,S818,血糖控制,5678
L2_36,S819,血糖控制,睡前高
L2_37,S820,血糖仪,血糖仪
L2_37,S821,血糖仪,便携式血糖检测仪
L2_37,S822,血糖仪,唐仪
L2_37,S823,血糖仪,糖尿病测试仪
L2_38,S824,心脑血管相关,心脑血管相关
L2_38,S825,心脑血管相关,动脉粥样硬化性心血管疾病
L2_38,S826,心脑血管相关,心血管危险因素
L2_38,S827,心脑血管相关,冠心病
L2_38,S828,心脑血管相关,慢性心衰
L2_38,S829,心脑血管相关,糖尿病性心肌病
L2_38,S830,心脑血管相关,心功能不全
L2_38,S831,心脑血管相关,心肌酶学改变
L2_38,S832,心脑血管相关,心率变异性
L2_38,S833,心脑血管相关,心脑血管疾病
L2_38,S834,心脑血管相关,心糖肾交叉学科
L2_38,S835,心脑血管相关,心血管风险
L2_38,S836,心脑血管相关,心血管疾病
L2_38,S837,心脑血管相关,心血管疾病预防
L2_38,S838,心脑血管相关,心血管结局
L2_38,S839,心脑血管相关,心血管结局研究
L2_38,S840,心脑血管相关,ASCVD
L2_38,S841,心脑血管相关,PCI术后
L2_38,S842,心脑血管相关,ESC
L2_38,S843,心脑血管相关,DEVOTE 研究
L2_38,S844,心脑血管相关,房颤
L2_38,S845,心脑血管相关,血管保护效应机制
L2_38,S846,心脑血管相关,血管病变
L2_38,S847,心脑血管相关,冠脉疾病患者
L2_38,S848,心脑血管相关,复合终点
L2_38,S849,心脑血管相关,CV事件
L2_38,S850,心脑血管相关,CV
L2_38,S851,心脑血管相关,心肌病变
L2_38,S852,心脑血管相关,MACE
L2_38,S853,心脑血管相关,CVD
L2_38,S854,心脑血管相关,总死亡率
L2_38,S855,心脑血管相关,LVH
L2_38,S856,心脑血管相关,卒中
L2_38,S857,心脑血管相关,三高
L2_38,S858,心脑血管相关,CVOT
L2_38,S859,心脑血管相关,大血管病变
L2_38,S860,心脑血管相关,缺血性心脏病
L2_38,S861,心脑血管相关,精氨酸酶抑制剂
L2_38,S862,心脑血管相关,脑血管病
L2_38,S863,心脑血管相关,大血管并发症风险
L2_38,S864,心脑血管相关,非致死性心血管事件
L2_38,S865,心脑血管相关,主要心血管不良事件
L2_38,S866,心脑血管相关,偏瘫
L2_38,S867,心脑血管相关,动脉硬化
L2_38,S868,心脑血管相关,心衰
L2_38,S869,心脑血管相关,血管
L2_38,S870,心脑血管相关,心血管安全性
L2_38,S871,心脑血管相关,护心
L2_38,S872,心脑血管相关,DEVOTE
L2_38,S873,心脑血管相关,冠脉搭桥术
L2_38,S874,心脑血管相关,抗血栓
L2_38,S875,心脑血管相关,冠脉综合征
L2_38,S876,心脑血管相关,冠状动脉综合征
L2_38,S877,心脑血管相关,脑卒中
L2_38,S878,心脑血管相关,钙磷代谢与糖尿病下肢血管
L2_38,S879,心脑血管相关,动脉狭窄
L2_38,S880,心脑血管相关,心肌酶改变
L2_38,S881,心脑血管相关,颈动脉斑块
L2_38,S882,心脑血管相关,抗凝药
L2_38,S883,心脑血管相关,动脉硬化
L2_38,S884,心脑血管相关,心肌梗死
L2_38,S885,心脑血管相关,心血管
L2_38,S886,心脑血管相关,心脏造影
L2_38,S887,心脑血管相关,心脏病
L2_38,S888,心脑血管相关,心血管疾病
L2_38,S889,心脑血管相关,动脉粥样硬化
L2_38,S890,心脑血管相关,心肌病
L2_38,S891,心脑血管相关,心功能
L2_38,S892,心脑血管相关,心率变异
L2_38,S893,心脑血管相关,心脑血管
L2_38,S894,心脑血管相关,心血管
L2_38,S895,心脑血管相关,脑血管
L2_38,S896,心脑血管相关,心糖肾
L2_38,S897,心脑血管相关,心肌酶
L2_38,S898,心脑血管相关,冠脉
L2_38,S899,心脑血管相关,心衰
L2_38,S900,心脑血管相关,心率
L2_38,S901,心脑血管相关,心肌
L2_38,S902,心脑血管相关,心脏病
L2_38,S903,心脑血管相关,动脉
L2_38,S904,心脑血管相关,心脏收缩功能障碍
L2_38,S905,心脑血管相关,上皮祖细胞
L2_38,S906,心脑血管相关,CABG
L2_38,S907,心脑血管相关,心力衰竭
L2_38,S908,心脑血管相关,中风
L2_38,S909,心脑血管相关,下肢静脉疾病
L2_38,S910,心脑血管相关,心脏代谢风险
L2_38,S911,心脑血管相关,血管内皮损伤
L2_38,S912,心脑血管相关,ACCORD试验
L2_38,S913,心脑血管相关,大脑结构异常
L2_38,S914,心脑血管相关,心脏危害
L2_38,S915,心脑血管相关,心脏疾病
L2_38,S916,心脑血管相关,心病
L2_38,S917,心脑血管相关,心脏危机
L2_38,S918,心脑血管相关,脑中风
L2_38,S919,心脑血管相关,保护心脏
L2_38,S920,心脑血管相关,无痛性心梗
L2_38,S921,心脑血管相关,复方血栓通胶囊
L2_38,S922,心脑血管相关,心肌梗塞
L2_38,S923,心脑血管相关,心肺复苏
L2_38,S924,心脑血管相关,心肌梗塞
L2_38,S925,心脑血管相关,心绞痛怎么急救
L2_39,S926,血压相关,高血压相关
L2_39,S927,血压相关,高血压性糖尿病
L2_39,S928,血压相关,降压
L2_39,S929,血压相关,选择降压药
L2_39,S930,血压相关,降压目标
L2_39,S931,血压相关,糖伴高
L2_39,S932,血压相关,低血压休克
L2_39,S933,血压相关,清晨血压
L2_39,S934,血压相关,高血压肾病
L2_39,S935,血压相关,体位性低血压
L2_39,S936,血压相关,降压药
L2_39,S937,血压相关,低血压
L2_39,S938,血压相关,血压
L2_39,S939,血压相关,舒张压
L2_39,S940,血压相关,ARB类药物
L2_39,S941,血压相关,高血压
L2_39,S942,血压相关,血压高
L2_39,S943,血压相关,糖尿病利尿剂
L2_39,S944,血压相关,血压低
L2_40,S945,血脂相关,高血脂相关
L2_40,S946,血脂相关,高甘油三脂
L2_40,S947,血脂相关,高脂血症
L2_40,S948,血脂相关,降糖脂药物
L2_40,S949,血脂相关,血压血脂管理
L2_40,S950,血脂相关,血脂
L2_40,S951,血脂相关,血脂管理
L2_40,S952,血脂相关,血脂影响
L2_40,S953,血脂相关,血脂异常
L2_40,S954,血脂相关,他汀
L2_40,S955,血脂相关,高血脂
L2_40,S956,血脂相关,甘油三酯
L2_40,S957,血脂相关,降脂
L2_40,S958,血脂相关,HDL-C
L2_40,S959,血脂相关,高密度脂蛋白
L2_40,S960,血脂相关,低密度脂蛋白
L2_40,S961,血脂相关,甘油三脂
L2_40,S962,血脂相关,甘油三脂
L2_40,S963,血脂相关,血脂高
L2_41,S964,糖尿病足相关,糖尿病足病
L2_41,S965,糖尿病足相关,糖尿病足患者
L2_41,S966,糖尿病足相关,负压治疗
L2_41,S967,糖尿病足相关,创伤
L2_41,S968,糖尿病足相关,局部处理
L2_41,S969,糖尿病足相关,足部问题
L2_41,S970,糖尿病足相关,足部检查
L2_41,S971,糖尿病足相关,糖足
L2_41,S972,糖尿病足相关,美国足部医学协会
L2_41,S973,糖尿病足相关,APMA
L2_41,S974,糖尿病足相关,血管外科学会
L2_41,S975,糖尿病足相关,SVS
L2_41,S976,糖尿病足相关,局部换药
L2_41,S977,糖尿病足相关,踝肱指数
L2_41,S978,糖尿病足相关,截肢
L2_41,S979,糖尿病足相关,穿鞋
L2_41,S980,糖尿病足相关,糖尿病足溃疡
L2_41,S981,糖尿病足相关,高糖毒性
L2_41,S982,糖尿病足相关,伴足溃疡
L2_41,S983,糖尿病足相关,创面
L2_41,S984,糖尿病足相关,皮肤愈合
L2_41,S985,糖尿病足相关,神经性足病溃疡
L2_41,S986,糖尿病足相关,足病
L2_41,S987,糖尿病足相关,小腿凉
L2_41,S988,糖尿病足相关,脚发烫
L2_41,S989,糖尿病足相关,足病溃疡
L2_41,S990,糖尿病足相关,高危足
L2_41,S991,糖尿病足相关,足部护理
L2_41,S992,糖尿病足相关,呵护双脚
L2_41,S993,糖尿病足相关,呵护双足
L2_41,S994,糖尿病足相关,护足
L2_41,S995,糖尿病足相关,保护好双脚
L2_41,S996,糖尿病足相关,足部溃疡
L2_41,S997,糖尿病足相关,足疗
L2_41,S998,糖尿病足相关,赤脚走鹅卵石
L2_41,S999,糖尿病足相关,脚的问题
L2_41,S1000,糖尿病足相关,足部护理与保健
L2_41,S1001,糖尿病足相关,洗脚方式
L2_41,S1002,糖尿病足相关,爱足长寿
L2_41,S1003,糖尿病足相关,脚受伤
L2_41,S1004,糖尿病足相关,糖友选鞋
L2_41,S1005,糖尿病足相关,足部
L2_41,S1006,糖尿病足相关,糖尿病足
L2_41,S1007,糖尿病足相关,脚
L2_41,S1008,糖尿病足相关,脚肿
L2_41,S1009,糖尿病足相关,脚底
L2_41,S1010,糖尿病足相关,脚麻
L2_41,S1011,糖尿病足相关,脚趾头
L2_41,S1012,糖尿病足相关,脚上
L2_41,S1013,糖尿病足相关,脚疼
L2_41,S1014,糖尿病足相关,病足
L2_41,S1015,糖尿病足相关,脚趾
L2_41,S1016,糖尿病足相关,有脚
L2_41,S1017,糖尿病足相关,腿脚
L2_41,S1018,糖尿病足相关,肿脚肿
L2_41,S1019,糖尿病足相关,泡脚
L2_41,S1020,糖尿病足相关,脚底板
L2_41,S1021,糖尿病足相关,脚指甲
L2_41,S1022,糖尿病足相关,左脚
L2_41,S1023,糖尿病足相关,猪脚
L2_41,S1024,糖尿病足相关,脚足病
L2_41,S1025,糖尿病足相关,脚指
L2_41,S1026,糖尿病足相关,脚后跟
L2_41,S1027,糖尿病足相关,脚背
L2_41,S1028,糖尿病足相关,脚大母址
L2_41,S1029,糖尿病足相关,手脚
L2_41,S1030,糖尿病足相关,保护好自己的双脚
L2_41,S1031,糖尿病足相关,伤脚
L2_42,S1032,眼病相关,糖网
L2_42,S1033,眼病相关,视神经炎
L2_42,S1034,眼病相关,糖尿病眼病
L2_42,S1035,眼病相关,Eyes on Diabetes
L2_42,S1036,眼病相关,视物重影
L2_42,S1037,眼病相关,白内障
L2_42,S1038,眼病相关,糖尿病黄斑水肿
L2_42,S1039,眼病相关,血浆KKS系统
L2_42,S1040,眼病相关,动眼神经麻痹
L2_42,S1041,眼病相关,视网膜病
L2_42,S1042,眼病相关,视网膜
L2_42,S1043,眼病相关,重影
L2_42,S1044,眼病相关,黄斑水肿
L2_42,S1045,眼病相关,眼神经麻痹
L2_42,S1046,眼病相关,爱眼日
L2_42,S1047,眼病相关,青光眼药物
L2_42,S1048,眼病相关,青光眼
L2_42,S1049,眼病相关,眼部病变
L2_42,S1050,眼病相关,查眼底
L2_42,S1051,眼病相关,角膜移植
L2_42,S1052,眼病相关,看东西模糊
L2_42,S1053,眼病相关,上眼
L2_42,S1054,眼病相关,伤你的眼
L2_42,S1055,眼病相关,眼科
L2_42,S1056,眼病相关,眼部相关
L2_42,S1057,眼病相关,影响视力
L2_42,S1058,眼病相关,眼睛
L2_42,S1059,眼病相关,视力
L2_42,S1060,眼病相关,眼底
L2_42,S1061,眼病相关,黄斑
L2_42,S1062,眼病相关,视网膜病变
L2_42,S1063,眼病相关,眼
L2_42,S1064,眼病相关,眼底出血
L2_42,S1065,眼病相关,眼疾
L2_42,S1066,眼病相关,眼病
L2_42,S1067,眼病相关,眼底病
L2_43,S1068,肾脏相关,肾病相关
L2_43,S1069,肾脏相关,早期糖尿病肾病
L2_43,S1070,肾脏相关,CKD
L2_43,S1071,肾脏相关,大黄糖肾胶囊
L2_43,S1072,肾脏相关,急性肾盂
L2_43,S1073,肾脏相关,慢性肾病
L2_43,S1074,肾脏相关,肾功能不全患者
L2_43,S1075,肾脏相关,肾透明细胞癌胰腺转移瘤
L2_43,S1076,肾脏相关,肾脏病变
L2_43,S1077,肾脏相关,心糖肾交叉学科
L2_43,S1078,肾脏相关,微量蛋白尿
L2_43,S1079,肾脏相关,大量蛋白尿
L2_43,S1080,肾脏相关,蛋白尿
L2_43,S1081,肾脏相关,低蛋白血症
L2_43,S1082,肾脏相关,尿糖
L2_43,S1083,肾脏相关,V期DKD
L2_43,S1084,肾脏相关,下肢浮肿
L2_43,S1085,肾脏相关,尿频繁
L2_43,S1086,肾脏相关,肾脏保护作用
L2_43,S1087,肾脏相关,保肾
L2_43,S1088,肾脏相关,肾脏保护
L2_43,S1089,肾脏相关,浮肿
L2_43,S1090,肾脏相关,透析患者
L2_43,S1091,肾脏相关,终末期肾病
L2_43,S1092,肾脏相关,尿毒症
L2_43,S1093,肾脏相关,肾功能受损
L2_43,S1094,肾脏相关,腹膜透析管道
L2_43,S1095,肾脏相关,糖尿病肾病间质纤维化
L2_43,S1096,肾脏相关,肾小球滤过率
L2_43,S1097,肾脏相关,血液透析
L2_43,S1098,肾脏相关,肾炎
L2_43,S1099,肾脏相关,尿频
L2_43,S1100,肾脏相关,肾透析
L2_43,S1101,肾脏相关,肾功能
L2_43,S1102,肾脏相关,肾脏
L2_43,S1103,肾脏相关,阿曲生坦
L2_43,S1104,肾脏相关,肾脏异常
L2_43,S1105,肾脏相关,伤肝肾
L2_43,S1106,肾脏相关,肾脏疾病
L2_43,S1107,肾脏相关,关注肾
L2_43,S1108,肾脏相关,糖尿病肾病
L2_43,S1109,肾脏相关,糖肾
L2_43,S1110,肾脏相关,肾功能不全
L2_43,S1111,肾脏相关,尿蛋白
L2_43,S1112,肾脏相关,肾病
L2_43,S1113,肾脏相关,肾病综合征
L2_43,S1114,肾脏相关,肾脏病
L2_43,S1115,肾脏相关,尿毒证
L2_43,S1116,肾脏相关,尿的桶底有一层白色东西
L2_44,S1117,并发症/合并症,并发症
L2_44,S1118,并发症/合并症,并发
L2_44,S1119,并发症/合并症,出现
L2_44,S1120,并发症/合并症,独立危险因素
L2_44,S1121,并发症/合并症,合并
L2_44,S1122,并发症/合并症,慢性并发症
L2_44,S1123,并发症/合并症,晚期糖基化终末产物（AGEs）
L2_44,S1124,并发症/合并症,并发症筛查
L2_44,S1125,并发症/合并症,合并症
L2_44,S1126,并发症/合并症,病发症
L2_44,S1127,并发症/合并症,慢性炎症
L2_44,S1128,并发症/合并症,晚期糖基化终末产物
L2_44,S1129,并发症/合并症,AGEs
L2_44,S1130,并发症/合并症,并发筛查
L2_44,S1131,并发症/合并症,病发症
L2_45,S1132,急性/严重并发症,急性并发症
L2_45,S1133,急性/严重并发症,急性感染
L2_45,S1134,急性/严重并发症,急性加重期
L2_45,S1135,急性/严重并发症,急慢性并发症
L2_45,S1136,急性/严重并发症,急诊处理方法
L2_45,S1137,急性/严重并发症,急诊患者
L2_45,S1138,急性/严重并发症,急症
L2_45,S1139,急性/严重并发症,应急处理
L2_45,S1140,急性/严重并发症,感染控制后
L2_45,S1141,急性/严重并发症,席汉氏综合症
L2_45,S1142,急性/严重并发症,猝死
L2_45,S1143,急性/严重并发症,危急值
L2_45,S1144,急性/严重并发症,高血糖高渗
L2_45,S1145,急性/严重并发症,高糖高渗
L2_45,S1146,急性/严重并发症,高渗
L2_45,S1147,急性/严重并发症,急性期
L2_45,S1148,急性/严重并发症,危急情况
L2_45,S1149,急性/严重并发症,胰腺炎
L2_45,S1150,急性/严重并发症,严重感染
L2_45,S1151,急性/严重并发症,高渗透压
L2_45,S1152,急性/严重并发症,高渗状态
L2_45,S1153,急性/严重并发症,肌萎缩
L2_45,S1154,急性/严重并发症,临床危象
L2_45,S1155,急性/严重并发症,昏迷
L2_45,S1156,急性/严重并发症,菌血症
L2_45,S1157,急性/严重并发症,急性
L2_45,S1158,急性/严重并发症,急诊
L2_45,S1159,急性/严重并发症,应急
L2_45,S1160,急性/严重并发症,危急
L2_45,S1161,急性/严重并发症,严重
L2_45,S1162,急性/严重并发症,致命
L2_45,S1163,急性/严重并发症,酮症酸中毒
L2_45,S1164,急性/严重并发症,糖尿病酮症酸中毒
L2_45,S1165,急性/严重并发症,酮症
L2_45,S1166,急性/严重并发症,酮体治疗
L2_45,S1167,急性/严重并发症,乳酸性酸中毒
L2_45,S1168,急性/严重并发症,DKA
L2_45,S1169,急性/严重并发症,糖尿病乳酸性酸中毒
L2_45,S1170,急性/严重并发症,乳酸酸中毒
L2_45,S1171,急性/严重并发症,酸中毒
L2_45,S1172,急性/严重并发症,Dka
L2_45,S1173,急性/严重并发症,dka
L2_45,S1174,急性/严重并发症,糖尿病胴症
L2_45,S1175,急性/严重并发症,同体中毒
L2_45,S1176,急性/严重并发症,酮中毒
L2_45,S1177,急性/严重并发症,血铜过高
L2_46,S1178,肝脏相关,肝病相关
L2_46,S1179,肝脏相关,肝源性糖尿病
L2_46,S1180,肝脏相关,肝酶升高
L2_46,S1181,肝脏相关,肝硬化
L2_46,S1182,肝脏相关,酒精性肝硬化
L2_46,S1183,肝脏相关,酒精性脂肪肝
L2_46,S1184,肝脏相关,肝功能受损
L2_46,S1185,肝脏相关,干扰素
L2_46,S1186,肝脏相关,非酒精性脂肪
L2_46,S1187,肝脏相关,NAFLD
L2_46,S1188,肝脏相关,乙肝疫苗
L2_46,S1189,肝脏相关,肝炎
L2_46,S1190,肝脏相关,脂肪肝
L2_46,S1191,肝脏相关,乙肝患者
L2_46,S1192,肝脏相关,肝脓肿
L2_46,S1193,肝脏相关,肝功能损害
L2_46,S1194,肝脏相关,慢性乙肝病毒
L2_46,S1195,肝脏相关,肝病
L2_46,S1196,肝脏相关,肝受损
L2_46,S1197,肝脏相关,肝损伤
L2_46,S1198,肝脏相关,乙肝
L2_46,S1199,肝脏相关,肝病毒
L2_46,S1200,肝脏相关,肝功能异常
L2_46,S1201,肝脏相关,肝肾功能不全
L2_46,S1202,肝脏相关,伤肝肾
L2_46,S1203,肝脏相关,小三阳
L2_47,S1204,呼吸系统相关,呼吸系统相关
L2_47,S1205,呼吸系统相关,COPD合并社区获得性肺炎
L2_47,S1206,呼吸系统相关,慢阻肺
L2_47,S1207,呼吸系统相关,慢性阻塞性肺疾病
L2_47,S1208,呼吸系统相关,肺功能
L2_47,S1209,呼吸系统相关,COPD
L2_47,S1210,呼吸系统相关,肺部感染
L2_47,S1211,呼吸系统相关,慢阻肺患者
L2_47,S1212,呼吸系统相关,AECOPD
L2_47,S1213,呼吸系统相关,GOLD
L2_47,S1214,呼吸系统相关,布地奈德
L2_47,S1215,呼吸系统相关,布地奈德糖皮质激素
L2_47,S1216,呼吸系统相关,雾化吸入
L2_47,S1217,呼吸系统相关,血气分析
L2_47,S1218,呼吸系统相关,过敏性鼻炎合并哮喘
L2_47,S1219,呼吸系统相关,肺部疾病
L2_47,S1220,呼吸系统相关,全身激素治疗
L2_47,S1221,呼吸系统相关,嗜酸性粒细胞
L2_47,S1222,呼吸系统相关,OSAHS
L2_47,S1223,呼吸系统相关,阻塞性睡眠呼吸暂停低通气综合征
L2_47,S1224,呼吸系统相关,金黄色葡萄球菌
L2_47,S1225,呼吸系统相关,重症肺炎
L2_47,S1226,呼吸系统相关,卡氏肺孢子肺炎
L2_47,S1227,呼吸系统相关,抗核抗体
L2_47,S1228,呼吸系统相关,慢性阻塞性肺病
L2_47,S1229,呼吸系统相关,糖皮质激素
L2_47,S1230,呼吸系统相关,哮喘
L2_47,S1231,呼吸系统相关,获得性肝炎
L2_47,S1232,呼吸系统相关,慢性阻塞性肺炎
L2_47,S1233,呼吸系统相关,过敏性鼻炎
L2_47,S1234,呼吸系统相关,呼吸暂停
L2_47,S1235,呼吸系统相关,低通气综合征
L2_47,S1236,呼吸系统相关,睡眠障碍性呼吸
L2_47,S1237,呼吸系统相关,肺结核
L2_47,S1238,呼吸系统相关,结核病
L2_47,S1239,呼吸系统相关,呼噜一族
L2_47,S1240,呼吸系统相关,打呼噜
L2_47,S1241,呼吸系统相关,结核病
L2_48,S1242,神经病变相关,神经病变
L2_48,S1243,神经病变相关,痛性神经病变
L2_48,S1244,神经病变相关,植物神经病变
L2_48,S1245,神经病变相关,糖尿病微循环障碍
L2_48,S1246,神经病变相关,微血管并发症
L2_48,S1247,神经病变相关,神经源性膀胱
L2_48,S1248,神经病变相关,带状疱疹后遗症
L2_48,S1249,神经病变相关,多发性神经病变
L2_48,S1250,神经病变相关,自主神经病变
L2_48,S1251,神经病变相关,肌电图
L2_48,S1252,神经病变相关,神经酰胺
L2_48,S1253,神经病变相关,多靶腺功能低减
L2_48,S1254,神经病变相关,垂体前叶
L2_48,S1255,神经病变相关,DPN
L2_48,S1256,神经病变相关,末梢神经炎
L2_48,S1257,神经病变相关,末梢神经
L2_48,S1258,神经病变相关,加巴喷丁
L2_48,S1259,神经病变相关,神经炎
L2_48,S1260,神经病变相关,线粒体功能受损
L2_48,S1261,神经病变相关,微循环障碍
L2_48,S1262,神经病变相关,神经损伤
L2_48,S1263,神经病变相关,脑抽风
L2_48,S1264,神经病变相关,糖尿病神经损伤
L2_48,S1265,神经病变相关,神经系统并发症
L2_48,S1266,神经病变相关,周围神经病变
L2_48,S1267,神经病变相关,神经病变
L2_48,S1268,神经病变相关,糖尿病神经病变
L2_48,S1269,神经病变相关,神经痛
L2_48,S1270,神经病变相关,糖尿病微血管
L2_48,S1271,神经病变相关,周围神经
L2_48,S1272,神经病变相关,周围神经病
L2_49,S1273,认知相关,老年痴呆
L2_49,S1274,认知相关,阿尔兹海默
L2_49,S1275,认知相关,认知减退
L2_49,S1276,认知相关,记忆查询
L2_50,S1277,风湿免疫性相关,风湿性疾病
L2_50,S1278,风湿免疫性相关,类风湿关节炎
L2_50,S1279,风湿免疫性相关,RA患者
L2_50,S1280,风湿免疫性相关,类风湿
L2_50,S1281,风湿免疫性相关,舞蹈症
L2_50,S1282,风湿免疫性相关,系统性红斑狼疮
L2_50,S1283,风湿免疫性相关,风湿
L2_50,S1284,风湿免疫性相关,RA
L2_50,S1285,风湿免疫性相关,银屑病关节炎
L2_51,S1286,消化道相关,胃肠不适
L2_51,S1287,消化道相关,胃肠道问题
L2_51,S1288,消化道相关,腹泻
L2_51,S1289,消化道相关,反复腹痛
L2_51,S1290,消化道相关,可罗恩
L2_51,S1291,消化道相关,克罗恩
L2_51,S1292,消化道相关,肠胃
L2_51,S1293,消化道相关,腹痛
L2_51,S1294,消化道相关,靶向肠胃道治疗
L2_51,S1295,消化道相关,便秘
L2_51,S1296,消化道相关,人体肠道
L2_51,S1297,消化道相关,胃痛
L2_51,S1298,消化道相关,胃肠道并发症
L2_51,S1299,消化道相关,消化道
L2_51,S1300,消化道相关,胃“罢工”了
L2_51,S1301,消化道相关,胃肠动力紊乱
L2_51,S1302,消化道相关,胃肠动力紊乱
L2_51,S1303,消化道相关,肠胃炎拉肚子
L2_51,S1304,消化道相关,胃旁路
L2_51,S1305,消化道相关,胃胀
L2_51,S1306,消化道相关,喂转流
L2_52,S1307,骨骼肌肉相关,骨相关问题
L2_52,S1308,骨骼肌肉相关,骨折
L2_52,S1309,骨骼肌肉相关,糖尿病骨质疏松症
L2_52,S1310,骨骼肌肉相关,骨质疏松
L2_52,S1311,骨骼肌肉相关,夏科氏关节病
L2_52,S1312,骨骼肌肉相关,骨转换
L2_52,S1313,骨骼肌肉相关,骨质疏松症
L2_52,S1314,骨骼肌肉相关,骨代谢
L2_52,S1315,骨骼肌肉相关,全膝置换术
L2_52,S1316,骨骼肌肉相关,夏科氏关节
L2_52,S1317,骨骼肌肉相关,关节病
L2_52,S1318,骨骼肌肉相关,骨质疏松
L2_52,S1319,骨骼肌肉相关,全膝置换
L2_52,S1320,骨骼肌肉相关,关节水肿
L2_52,S1321,骨骼肌肉相关,骨性关节炎
L2_52,S1322,骨骼肌肉相关,骨几何结构
L2_52,S1323,骨骼肌肉相关,体积骨密度
L2_52,S1324,骨骼肌肉相关,骨微结构
L2_52,S1325,骨骼肌肉相关,置换术
L2_52,S1326,骨骼肌肉相关,肩周炎
L2_52,S1327,骨骼肌肉相关,肌肉骨骼并发症
L2_52,S1328,骨骼肌肉相关,肌肉相关问题
L2_52,S1329,骨骼肌肉相关,肌腱痛
L2_52,S1330,骨骼肌肉相关,骨头
L2_53,S1331,皮肤相关,皮肤病变
L2_53,S1332,皮肤相关,黑棘皮病
L2_53,S1333,皮肤相关,皮肤组织
L2_54,S1334,精神/心理相关,精神/心理相关
L2_54,S1335,精神/心理相关,抑郁
L2_54,S1336,精神/心理相关,焦虑症
L2_54,S1337,精神/心理相关,抑郁症
L2_54,S1338,精神/心理相关,精神病患者
L2_54,S1339,精神/心理相关,自闭症
L2_54,S1340,精神/心理相关,失眠症
L2_54,S1341,精神/心理相关,阿尔茨海默病
L2_54,S1342,精神/心理相关,痴呆症
L2_54,S1343,精神/心理相关,认知功能障碍
L2_54,S1344,精神/心理相关,焦虑
L2_54,S1345,精神/心理相关,精神分裂症
L2_54,S1346,精神/心理相关,精神科
L2_54,S1347,精神/心理相关,抑郁自评量表
L2_54,S1348,精神/心理相关,精神压力分析
L2_54,S1349,精神/心理相关,焦虑
L2_54,S1350,精神/心理相关,自闭
L2_54,S1351,精神/心理相关,失眠
L2_54,S1352,精神/心理相关,阿尔兹海默
L2_54,S1353,精神/心理相关,痴呆
L2_54,S1354,精神/心理相关,精神压力
L2_54,S1355,精神/心理相关,认知功能
L2_54,S1356,精神/心理相关,认知功能受损
L2_54,S1357,精神/心理相关,心理因素
L2_54,S1358,精神/心理相关,性格
L2_54,S1359,精神/心理相关,6种情绪
L2_54,S1360,精神/心理相关,不良情绪
L2_54,S1361,精神/心理相关,心理问题
L2_54,S1362,精神/心理相关,突然脾气暴躁
L2_54,S1363,精神/心理相关,心理性胰岛素抵抗
L2_54,S1364,精神/心理相关,压力
L2_55,S1365,肿瘤相关,肿瘤相关
L2_55,S1366,肿瘤相关,恶性肿瘤
L2_55,S1367,肿瘤相关,癌
L2_55,S1368,肿瘤相关,肿瘤
L2_55,S1369,肿瘤相关,Cancer
L2_55,S1370,肿瘤相关,Tumour
L2_55,S1371,肿瘤相关,糖抗
L2_55,S1372,肿瘤相关,癌症
L2_55,S1373,肿瘤相关,肾脏肿瘤
L2_55,S1374,肿瘤相关,肿瘤坏死因子
L2_55,S1375,肿瘤相关,致癌
L2_55,S1376,肿瘤相关,肝癌
L2_55,S1377,肿瘤相关,乳腺癌
L2_55,S1378,肿瘤相关,肝细胞癌
L2_55,S1379,肿瘤相关,胰腺癌
L2_55,S1380,肿瘤相关,脑膜瘤
L2_56,S1381,不良症状/不良反应,便秘
L2_56,S1382,不良症状/不良反应,小便尿液中泡沫多
L2_56,S1383,不良症状/不良反应,半夜口苦
L2_56,S1384,不良症状/不良反应,右眼黑影
L2_56,S1385,不良症状/不良反应,鼻头出了痘
L2_56,S1386,不良症状/不良反应,头皮痒出血
L2_56,S1387,不良症状/不良反应,鼻子出了疱疹
L2_56,S1388,不良症状/不良反应,眼肿
L2_56,S1389,不良症状/不良反应,变瘦
L2_56,S1390,不良症状/不良反应,全身酸痛
L2_56,S1391,不良症状/不良反应,身上有黑斑
L2_56,S1392,不良症状/不良反应,手指麻
L2_56,S1393,不良症状/不良反应,糖尿病神经源性膀胱
L2_56,S1394,不良症状/不良反应,玻璃体混浊
L2_56,S1395,不良症状/不良反应,脱发
L2_56,S1396,不良症状/不良反应,勃起功能障碍
L2_56,S1397,不良症状/不良反应,性欲减退
L2_56,S1398,不良症状/不良反应,不好睡觉
L2_56,S1399,不良症状/不良反应,一侧肢体麻木
L2_56,S1400,不良症状/不良反应,不好休息
L2_56,S1401,不良症状/不良反应,足
L2_56,S1402,不良症状/不良反应,不良反应
L2_56,S1403,不良症状/不良反应,容易出汗
L2_56,S1404,不良症状/不良反应,不耐受
L2_56,S1405,不良症状/不良反应,身体痒
L2_56,S1406,不良症状/不良反应,不孕
L2_56,S1407,不良症状/不良反应,水肿
L2_56,S1408,不良症状/不良反应,不自觉的流口水
L2_56,S1409,不良症状/不良反应,头发晕
L2_56,S1410,不良症状/不良反应,餐二比餐一高
L2_56,S1411,不良症状/不良反应,头胀
L2_56,S1412,不良症状/不良反应,残疾
L2_56,S1413,不良症状/不良反应,下肢乏力
L2_56,S1414,不良症状/不良反应,抽筋
L2_56,S1415,不良症状/不良反应,小腿肚子憋痛
L2_56,S1416,不良症状/不良反应,出汗
L2_56,S1417,不良症状/不良反应,牙龈出血
L2_56,S1418,不良症状/不良反应,出汗异常
L2_56,S1419,不良症状/不良反应,痒怎么办
L2_56,S1420,不良症状/不良反应,出红疹
L2_56,S1421,不良症状/不良反应,胰岛素致癌
L2_56,S1422,不良症状/不良反应,出现疼痛
L2_56,S1423,不良症状/不良反应,植物神经紊乱
L2_56,S1424,不良症状/不良反应,出虚汗
L2_56,S1425,不良症状/不良反应,左腿像断筋了
L2_56,S1426,不良症状/不良反应,雌性激素增加
L2_56,S1427,不良症状/不良反应,人太瘦
L2_56,S1428,不良症状/不良反应,痤疮
L2_56,S1429,不良症状/不良反应,瘙痒
L2_56,S1430,不良症状/不良反应,大便次数多
L2_56,S1431,不良症状/不良反应,身体全身痒痒
L2_56,S1432,不良症状/不良反应,大便干燥
L2_56,S1433,不良症状/不良反应,生孩子
L2_56,S1434,不良症状/不良反应,大便困难
L2_56,S1435,不良症状/不良反应,瘦了十五斤
L2_56,S1436,不良症状/不良反应,胆红素高
L2_56,S1437,不良症状/不良反应,损伤听力
L2_56,S1438,不良症状/不良反应,盗汗
L2_56,S1439,不良症状/不良反应,听力损害
L2_56,S1440,不良症状/不良反应,得鸡眼
L2_56,S1441,不良症状/不良反应,头皮发麻
L2_56,S1442,不良症状/不良反应,低雌激素水平
L2_56,S1443,不良症状/不良反应,头晕
L2_56,S1444,不良症状/不良反应,电解质紊乱
L2_56,S1445,不良症状/不良反应,腿部酸痛无力
L2_56,S1446,不良症状/不良反应,耳鸣
L2_56,S1447,不良症状/不良反应,膝盖摔破皮
L2_56,S1448,不良症状/不良反应,乏力
L2_56,S1449,不良症状/不良反应,想睡觉
L2_56,S1450,不良症状/不良反应,犯困
L2_56,S1451,不良症状/不良反应,小便有泡沫
L2_56,S1452,不良症状/不良反应,非正常死亡
L2_56,S1453,不良症状/不良反应,小腿酸疼
L2_56,S1454,不良症状/不良反应,肺水肿
L2_56,S1455,不良症状/不良反应,胸痛
L2_56,S1456,不良症状/不良反应,浮肿
L2_56,S1457,不良症状/不良反应,牙周病
L2_56,S1458,不良症状/不良反应,妇科炎症
L2_56,S1459,不良症状/不良反应,阳痿
L2_56,S1460,不良症状/不良反应,副作用
L2_56,S1461,不良症状/不良反应,要孩子
L2_56,S1462,不良症状/不良反应,腹泻发烧
L2_56,S1463,不良症状/不良反应,一直瘦
L2_56,S1464,不良症状/不良反应,感染
L2_56,S1465,不良症状/不良反应,有什么方法长胖呢？
L2_56,S1466,不良症状/不良反应,过敏
L2_56,S1467,不良症状/不良反应,瘐
L2_56,S1468,不良症状/不良反应,好累
L2_56,S1469,不良症状/不良反应,总放屁
L2_56,S1470,不良症状/不良反应,黑色素
L2_56,S1471,不良症状/不良反应,嘴唇发白
L2_56,S1472,不良症状/不良反应,浑身发冷
L2_56,S1473,不良症状/不良反应,其它不严重的症状或不良反应
L2_56,S1474,不良症状/不良反应,浑身发冷起鸡皮瘩
L2_56,S1475,不良症状/不良反应,缺钙
L2_56,S1476,不良症状/不良反应,浑身无力
L2_56,S1477,不良症状/不良反应,容易抽筋
L2_56,S1478,不良症状/不良反应,浑身痒
L2_56,S1479,不良症状/不良反应,容易疲劳
L2_56,S1480,不良症状/不良反应,记忆不好
L2_56,S1481,不良症状/不良反应,身上痒
L2_56,S1482,不良症状/不良反应,间歇肺水肿
L2_56,S1483,不良症状/不良反应,身上有异味
L2_56,S1484,不良症状/不良反应,降不下来
L2_56,S1485,不良症状/不良反应,身体上有红泡班
L2_56,S1486,不良症状/不良反应,酒渣鼻
L2_56,S1487,不良症状/不良反应,肾上腺增生
L2_56,S1488,不良症状/不良反应,绝经前低雌激素水平
L2_56,S1489,不良症状/不良反应,手麻
L2_56,S1490,不良症状/不良反应,口干
L2_56,S1491,不良症状/不良反应,瘦
L2_56,S1492,不良症状/不良反应,口腔疾病
L2_56,S1493,不良症状/不良反应,水疱
L2_56,S1494,不良症状/不良反应,拉肚子频繁
L2_56,S1495,不良症状/不良反应,睡眠不足
L2_56,S1496,不良症状/不良反应,冷
L2_56,S1497,不良症状/不良反应,糖尿病神经痛
L2_56,S1498,不良症状/不良反应,黎明
L2_56,S1499,不良症状/不良反应,糖尿病性水疱病
L2_56,S1500,不良症状/不良反应,黎明反应
L2_56,S1501,不良症状/不良反应,头发干
L2_56,S1502,不良症状/不良反应,黎明现象
L2_56,S1503,不良症状/不良反应,头昏
L2_56,S1504,不良症状/不良反应,脸红
L2_56,S1505,不良症状/不良反应,头皮屑多
L2_56,S1506,不良症状/不良反应,两腿发软
L2_56,S1507,不良症状/不良反应,头痛
L2_56,S1508,不良症状/不良反应,流汗
L2_56,S1509,不良症状/不良反应,头晕眼花
L2_56,S1510,不良症状/不良反应,流很多汗
L2_56,S1511,不良症状/不良反应,腿部破溃
L2_56,S1512,不良症状/不良反应,麻木
L2_56,S1513,不良症状/不良反应,腿疼
L2_56,S1514,不良症状/不良反应,泌尿系统感染
L2_56,S1515,不良症状/不良反应,无便意
L2_56,S1516,不良症状/不良反应,脑血栓
L2_56,S1517,不良症状/不良反应,膝盖摔破皮不流血留脓
L2_56,S1518,不良症状/不良反应,内质网应激
L2_56,S1519,不良症状/不良反应,想呕吐
L2_56,S1520,不良症状/不良反应,尿多一次尿的
L2_56,S1521,不良症状/不良反应,消肿
L2_56,S1522,不良症状/不良反应,尿里面有好多白粉一样
L2_56,S1523,不良症状/不良反应,小便泡沫
L2_56,S1524,不良症状/不良反应,尿泡沫
L2_56,S1525,不良症状/不良反应,小便有酸味
L2_56,S1526,不良症状/不良反应,尿微量白蛋白
L2_56,S1527,不良症状/不良反应,小腿黑色素斑
L2_56,S1528,不良症状/不良反应,尿咸
L2_56,S1529,不良症状/不良反应,心慌慌
L2_56,S1530,不良症状/不良反应,尿咸的
L2_56,S1531,不良症状/不良反应,胸口闷
L2_56,S1532,不良症状/不良反应,尿液有异味
L2_56,S1533,不良症状/不良反应,血酮超标
L2_56,S1534,不良症状/不良反应,尿液中泡沫
L2_56,S1535,不良症状/不良反应,牙龈发炎
L2_56,S1536,不良症状/不良反应,尿有气味
L2_56,S1537,不良症状/不良反应,牙周炎
L2_56,S1538,不良症状/不良反应,呕吐
L2_56,S1539,不良症状/不良反应,阳委
L2_56,S1540,不良症状/不良反应,呕吐不止
L2_56,S1541,不良症状/不良反应,痒
L2_56,S1542,不良症状/不良反应,排便困难
L2_56,S1543,不良症状/不良反应,腰痛
L2_56,S1544,不良症状/不良反应,排尿意识障碍
L2_56,S1545,不良症状/不良反应,夜尿约10次
L2_56,S1546,不良症状/不良反应,"膀胱有
胀痛"
L2_56,S1547,不良症状/不良反应,"一个小时
就要小便"
L2_56,S1548,不良症状/不良反应,泡沫尿液
L2_56,S1549,不良症状/不良反应,胰岛素过敏
L2_56,S1550,不良症状/不良反应,皮肤刺痛
L2_56,S1551,不良症状/不良反应,幽门螺杆菌感染
L2_56,S1552,不良症状/不良反应,皮肤生小红疙瘩
L2_56,S1553,不良症状/不良反应,有种上小便，却上不出来的感觉
L2_56,S1554,不良症状/不良反应,皮肤疼
L2_56,S1555,不良症状/不良反应,右眼看东西变形
L2_56,S1556,不良症状/不良反应,皮肤问题
L2_56,S1557,不良症状/不良反应,越来越瘦
L2_56,S1558,不良症状/不良反应,皮肤痒
L2_56,S1559,不良症状/不良反应,重度牙周炎
L2_56,S1560,不良症状/不良反应,皮下硬结
L2_56,S1561,不良症状/不良反应,总是拉肚子
L2_56,S1562,不良症状/不良反应,疲乏无力
L2_56,S1563,不良症状/不良反应,足坏
L2_56,S1564,不良症状/不良反应,疲劳
L2_56,S1565,不良症状/不良反应,左手麻木
L2_56,S1566,不良症状/不良反应,屁多
L2_56,S1567,不良症状/不良反应,半夜间醒
L2_56,S1568,不良症状/不良反应,贫血
L2_56,S1569,不良症状/不良反应,头疼
L2_56,S1570,不良症状/不良反应,胆囊壁增厚
L2_56,S1571,不良症状/不良反应,穿刺
L2_56,S1572,不良症状/不良反应,垂体瘤
L2_56,S1573,不良症状/不良反应,肚子疼
L2_56,S1574,不良症状/不良反应,呼吸不畅
L2_56,S1575,不良症状/不良反应,黄莲素
L2_56,S1576,不良症状/不良反应,脸肿
L2_56,S1577,不良症状/不良反应,尿路感染
L2_56,S1578,不良症状/不良反应,尿液比较黄
L2_56,S1579,不良症状/不良反应,脓肿
L2_56,S1580,不良症状/不良反应,乳腺增生
L2_56,S1581,不良症状/不良反应,糖尿病对口腔的影响
L2_56,S1582,不良症状/不良反应,有种上小便，却上不出来
L2_56,S1583,不良症状/不良反应,糖尿病脓肿
L2_56,S1584,不良症状/不良反应,腹瀉發燒
L2_56,S1585,不良症状/不良反应,胃轻瘫
L2_56,S1586,不良症状/不良反应,胆囊壁增厚
L2_56,S1587,不良症状/不良反应,小便为什么会有泡沫
L2_56,S1588,不良症状/不良反应,红疙瘩
L2_56,S1589,不良症状/不良反应,便泌
L2_56,S1590,不良症状/不良反应,感冒
L2_56,S1591,不良症状/不良反应,鼻子不通
L2_56,S1592,不良症状/不良反应,咳嗽
L2_56,S1593,不良症状/不良反应,鼻子不透气
L2_56,S1594,不良症状/不良反应,高烧持续
L2_56,S1595,不良症状/不良反应,高烧
L2_57,S1596,低血糖,低血糖
L2_57,S1597,低血糖,低血糖反应
L2_57,S1598,低血糖,低血糖昏迷
L2_57,S1599,低血糖,低血糖倾向
L2_57,S1600,低血糖,免疫性低血糖
L2_57,S1601,低血糖,频发低血糖
L2_57,S1602,低血糖,频繁出现低血糖原因
L2_57,S1603,低血糖,午餐前低血糖
L2_57,S1604,低血糖,新生儿低血糖症
L2_57,S1605,低血糖,血糖低
L2_57,S1606,低血糖,夜间低血糖
L2_57,S1607,低血糖,中低血糖反应
L2_57,S1608,低血糖,苏木杰现象
L2_57,S1609,低血糖,苏木杰
L2_57,S1610,低血糖,低血糖症
L2_57,S1611,低血糖,发抖
L2_58,S1612,生活方式,生活方式
L2_58,S1613,生活方式,吸烟
L2_58,S1614,生活方式,起床
L2_58,S1615,生活方式,生活压力
L2_58,S1616,生活方式,睡觉太早
L2_58,S1617,生活方式,戒烟
L2_58,S1618,生活方式,抽烟
L2_58,S1619,生活方式,改善情绪
L2_58,S1620,生活方式,睡眠
L2_58,S1621,生活方式,管住嘴
L2_58,S1622,生活方式,不良习惯
L2_58,S1623,生活方式,压力大
L2_58,S1624,生活方式,控制睡眠
L2_58,S1625,生活方式,秋季保健
L2_58,S1626,生活方式,熬夜
L2_58,S1627,生活方式,外出必备5件宝
L2_58,S1628,生活方式,糖友旅游
L2_58,S1629,生活方式,独居糖友
L2_58,S1630,生活方式,长寿的秘诀
L2_58,S1631,生活方式,冬季有三防
L2_58,S1632,生活方式,春节勿守岁
L2_58,S1633,生活方式,糖尿病会在夫妻间
L2_58,S1634,生活方式,立冬时节
L2_58,S1635,生活方式,良好的生活习惯
L2_58,S1636,生活方式,作息时间表
L2_58,S1637,生活方式,炎夏保健
L2_58,S1638,生活方式,肥皂勤洗手
L2_58,S1639,生活方式,睡眠过多
L2_58,S1640,生活方式,致胖
L2_58,S1641,生活方式,周末补觉
L2_58,S1642,生活方式,生活干预
L2_58,S1643,生活方式,国庆放心游
L2_58,S1644,生活方式,睡
L2_58,S1645,生活方式,意想不到的好处
L2_58,S1646,生活方式,也可以爱美
L2_58,S1647,生活方式,退休
L2_58,S1648,生活方式,摆脱了苦行僧的生活
L2_58,S1649,生活方式,夫唱妇随
L2_58,S1650,生活方式,少吹空调
L2_58,S1651,生活方式,自驾游
L2_58,S1652,生活方式,耳穴按摩
L2_58,S1653,生活方式,春季养生需注意
L2_58,S1654,生活方式,防暑降温
L2_58,S1655,生活方式,熬冬
L2_58,S1656,生活方式,秋季保持皮肤健康
L2_58,S1657,生活方式,半夜间已醒
L2_58,S1658,生活方式,端午节
L2_58,S1659,生活方式,高温季节
L2_58,S1660,生活方式,汗蒸
L2_58,S1661,生活方式,几点睡觉
L2_58,S1662,生活方式,可以上夜班
L2_58,S1663,生活方式,秋季
L2_58,S1664,生活方式,三伏天
L2_58,S1665,生活方式,晒太阳
L2_58,S1666,生活方式,上班族
L2_58,S1667,生活方式,三班倒
L2_58,S1668,生活方式,上夜班
L2_58,S1669,生活方式,者晚上上班白天休息
L2_58,S1670,生活方式,家务劳动
L2_58,S1671,生活方式,上夜班
L2_58,S1672,生活方式,上夜班
L2_58,S1673,生活方式,如何增肥
L2_58,S1674,生活方式,如何增胖
L2_58,S1675,生活方式,怎样长胖
L2_58,S1676,生活方式,两班倒
L2_58,S1677,生活方式,上夜班
L2_58,S1678,生活方式,怎么增肥
L2_58,S1679,生活方式,规律作息时间
L2_58,S1680,生活方式,如何安全度夏
L2_58,S1681,生活方式,过夏天
L2_59,S1682,生殖/性功能相关,性功能问题
L2_59,S1683,生殖/性功能相关,ED
L2_59,S1684,生殖/性功能相关,男性烦恼
L2_59,S1685,生殖/性功能相关,勃起功能障碍
L2_59,S1686,生殖/性功能相关,性功能
L2_59,S1687,生殖/性功能相关,过早绝经
L2_59,S1688,生殖/性功能相关,激素避孕药
L2_59,S1689,生殖/性功能相关,男性患者的难言之隐
L2_59,S1690,生殖/性功能相关,性福
L2_59,S1691,生殖/性功能相关,性生活
L2_59,S1692,生殖/性功能相关,生殖
L2_59,S1693,生殖/性功能相关,性事
L2_59,S1694,生殖/性功能相关,性欲
L2_59,S1695,生殖/性功能相关,过夫妻活
L2_59,S1696,生殖/性功能相关,过夫妻生活
L2_59,S1697,生殖/性功能相关,性感没了吗
L2_59,S1698,生殖/性功能相关,腰膝酸软一二三就买单
L2_59,S1699,生殖/性功能相关,性爱
L2_59,S1700,生殖/性功能相关,性关系
L2_60,S1701,饮食,3餐搭配
L2_60,S1702,饮食,6类菜
L2_60,S1703,饮食,DASH饮食
L2_60,S1704,饮食,阿胶膏
L2_60,S1705,饮食,阿斯巴甜
L2_60,S1706,饮食,爱吃瓜
L2_60,S1707,饮食,安赛蜜
L2_60,S1708,饮食,芭乐
L2_60,S1709,饮食,白菜
L2_60,S1710,饮食,白酒
L2_60,S1711,饮食,白萝卜
L2_60,S1712,饮食,白米饭
L2_60,S1713,饮食,白薯
L2_60,S1714,饮食,百香果
L2_60,S1715,饮食,包孑
L2_60,S1716,饮食,包子
L2_60,S1717,饮食,保健品
L2_60,S1718,饮食,暴饮暴食
L2_60,S1719,饮食,备孕
L2_60,S1720,饮食,边玩边吃
L2_60,S1721,饮食,扁豆
L2_60,S1722,饮食,冰箱
L2_60,S1723,饮食,饼干
L2_60,S1724,饮食,病人什么东西不能吃
L2_60,S1725,饮食,菠菜
L2_60,S1726,饮食,菠萝
L2_60,S1727,饮食,菠萝蜜
L2_60,S1728,饮食,补还是不补
L2_60,S1729,饮食,不吃饭
L2_60,S1730,饮食,不能吃
L2_60,S1731,饮食,菜
L2_60,S1732,饮食,菜花
L2_60,S1733,饮食,菜谱
L2_60,S1734,饮食,餐盘
L2_60,S1735,饮食,餐盘标准尺寸
L2_60,S1736,饮食,餐桌上的
L2_60,S1737,饮食,蚕豆
L2_60,S1738,饮食,草莓
L2_60,S1739,饮食,茶
L2_60,S1740,饮食,茶叶
L2_60,S1741,饮食,炒
L2_60,S1742,饮食,炒蛋
L2_60,S1743,饮食,炒粉
L2_60,S1744,饮食,炒鸡蛋
L2_60,S1745,饮食,炒米
L2_60,S1746,饮食,炒肉
L2_60,S1747,饮食,橙子
L2_60,S1748,饮食,吃板鸭
L2_60,S1749,饮食,吃饱
L2_60,S1750,饮食,吃出健康
L2_60,S1751,饮食,吃此什么东西
L2_60,S1752,饮食,吃醋
L2_60,S1753,饮食,吃大米
L2_60,S1754,饮食,吃点
L2_60,S1755,饮食,吃点素
L2_60,S1756,饮食,吃东西
L2_60,S1757,饮食,吃动物心脏
L2_60,S1758,饮食,吃豆腐
L2_60,S1759,饮食,吃豆类
L2_60,S1760,饮食,吃多少
L2_60,S1761,饮食,吃饭
L2_60,S1762,饮食,吃饭顺序
L2_60,S1763,饮食,吃好吃饱
L2_60,S1764,饮食,吃好早餐
L2_60,S1765,饮食,吃喝不升糖
L2_60,S1766,饮食,吃喝玩乐
L2_60,S1767,饮食,吃黑芝麻糊
L2_60,S1768,饮食,吃鲫鱼汤吗
L2_60,S1769,饮食,吃酷
L2_60,S1770,饮食,吃辣的
L2_60,S1771,饮食,吃了饭
L2_60,S1772,饮食,吃螺丝吗
L2_60,S1773,饮食,吃绿一
L2_60,S1774,饮食,吃面
L2_60,S1775,饮食,吃哪些东西比较好
L2_60,S1776,饮食,吃肉
L2_60,S1777,饮食,吃桑葚
L2_60,S1778,饮食,吃啥
L2_60,S1779,饮食,吃少
L2_60,S1780,饮食,吃什么
L2_60,S1781,饮食,吃生的还是吃熟的
L2_60,S1782,饮食,吃水果
L2_60,S1783,饮食,吃酸菜
L2_60,S1784,饮食,吃西瓜
L2_60,S1785,饮食,吃些什么
L2_60,S1786,饮食,吃盐
L2_60,S1787,饮食,吃再佳时间
L2_60,S1788,饮食,吃主食
L2_60,S1789,饮食,吃粽子吗
L2_60,S1790,饮食,丑橘
L2_60,S1791,饮食,川菜
L2_60,S1792,饮食,纯奶
L2_60,S1793,饮食,纯牛奶
L2_60,S1794,饮食,葱爆羊肉
L2_60,S1795,饮食,葱姜蒜
L2_60,S1796,饮食,粗粮
L2_60,S1797,饮食,脆瓜
L2_60,S1798,饮食,大补汤
L2_60,S1799,饮食,大吃大喝
L2_60,S1800,饮食,大豆
L2_60,S1801,饮食,大豆制品
L2_60,S1802,饮食,大卡
L2_60,S1803,饮食,大快朵颐
L2_60,S1804,饮食,大米
L2_60,S1805,饮食,大蒜
L2_60,S1806,饮食,大枣
L2_60,S1807,饮食,代餐
L2_60,S1808,饮食,胆固醇
L2_60,S1809,饮食,蛋白
L2_60,S1810,饮食,蛋白质
L2_60,S1811,饮食,蛋黄
L2_60,S1812,饮食,蛋汤
L2_60,S1813,饮食,到底怎么吃
L2_60,S1814,饮食,低碳水
L2_60,S1815,饮食,低糖水果
L2_60,S1816,饮食,低脂饮食
L2_60,S1817,饮食,地沟油
L2_60,S1818,饮食,地瓜
L2_60,S1819,饮食,动物肝脏
L2_60,S1820,饮食,豆腐
L2_60,S1821,饮食,豆浆
L2_60,S1822,饮食,豆类
L2_60,S1823,饮食,豆面
L2_60,S1824,饮食,豆芽
L2_60,S1825,饮食,豆制品
L2_60,S1826,饮食,端午
L2_60,S1827,饮食,炖菜
L2_60,S1828,饮食,多吃鸡蛋
L2_60,S1829,饮食,多吃肉
L2_60,S1830,饮食,多喝水
L2_60,S1831,饮食,饿
L2_60,S1832,饮食,饿肚子
L2_60,S1833,饮食,番茄
L2_60,S1834,饮食,番薯
L2_60,S1835,饮食,饭
L2_60,S1836,饮食,饭瓜
L2_60,S1837,饮食,饭量
L2_60,S1838,饮食,肥肉
L2_60,S1839,饮食,蜂胶
L2_60,S1840,饮食,蜂蜜
L2_60,S1841,饮食,蜂蜜水
L2_60,S1842,饮食,蜂王浆
L2_60,S1843,饮食,凤梨
L2_60,S1844,饮食,腐乳
L2_60,S1845,饮食,该怎么吃
L2_60,S1846,饮食,钙片
L2_60,S1847,饮食,干果
L2_60,S1848,饮食,高乳清蛋白
L2_60,S1849,饮食,高脂奶制品
L2_60,S1850,饮食,葛根粉
L2_60,S1851,饮食,各地早餐
L2_60,S1852,饮食,狗肉
L2_60,S1853,饮食,枸
L2_60,S1854,饮食,枸杞
L2_60,S1855,饮食,枸杞子
L2_60,S1856,饮食,构玑
L2_60,S1857,饮食,姑娘浆果
L2_60,S1858,饮食,瓜子
L2_60,S1859,饮食,挂面
L2_60,S1860,饮食,管不住嘴
L2_60,S1861,饮食,果糖
L2_60,S1862,饮食,过生日可以吃什么
L2_60,S1863,饮食,过中秋
L2_60,S1864,饮食,哈密瓜
L2_60,S1865,饮食,海参
L2_60,S1866,饮食,海带
L2_60,S1867,饮食,海底椰
L2_60,S1868,饮食,海鲜
L2_60,S1869,饮食,含咖啡因功能饮料
L2_60,S1870,饮食,含糖
L2_60,S1871,饮食,含糖量
L2_60,S1872,饮食,含糖饮料
L2_60,S1873,饮食,好吃
L2_60,S1874,饮食,好吃的
L2_60,S1875,饮食,喝
L2_60,S1876,饮食,喝茶
L2_60,S1877,饮食,喝点啥
L2_60,S1878,饮食,喝蜂蜜
L2_60,S1879,饮食,喝酒
L2_60,S1880,饮食,喝啤酒
L2_60,S1881,饮食,喝水
L2_60,S1882,饮食,喝胎菊好吗
L2_60,S1883,饮食,喝粥
L2_60,S1884,饮食,核桃
L2_60,S1885,饮食,盒饭
L2_60,S1886,饮食,黑布林
L2_60,S1887,饮食,黑茶
L2_60,S1888,饮食,黑豆
L2_60,S1889,饮食,黑米
L2_60,S1890,饮食,黑木耳
L2_60,S1891,饮食,很多青菜
L2_60,S1892,饮食,红豆
L2_60,S1893,饮食,红酒
L2_60,S1894,饮食,红辣椒
L2_60,S1895,饮食,红萝卜
L2_60,S1896,饮食,红牛
L2_60,S1897,饮食,红肉
L2_60,S1898,饮食,红烧鸡块
L2_60,S1899,饮食,红烧肉
L2_60,S1900,饮食,红薯
L2_60,S1901,饮食,红糖
L2_60,S1902,饮食,红枣
L2_60,S1903,饮食,胡萝卜
L2_60,S1904,饮食,花菜
L2_60,S1905,饮食,花胶
L2_60,S1906,饮食,花椒油
L2_60,S1907,饮食,花旗参
L2_60,S1908,饮食,花生
L2_60,S1909,饮食,花生米
L2_60,S1910,饮食,滑子菇
L2_60,S1911,饮食,桦树茸
L2_60,S1912,饮食,黄瓜
L2_60,S1913,饮食,黄花菜
L2_60,S1914,饮食,黄花鱼
L2_60,S1915,饮食,黄酒
L2_60,S1916,饮食,黄米
L2_60,S1917,饮食,黄皮
L2_60,S1918,饮食,灰面
L2_60,S1919,饮食,荤素搭配
L2_60,S1920,饮食,火锅
L2_60,S1921,饮食,火龙果
L2_60,S1922,饮食,饥饿
L2_60,S1923,饮食,饥饿感
L2_60,S1924,饮食,鸡蛋
L2_60,S1925,饮食,鸡蛋糕
L2_60,S1926,饮食,鸡肉
L2_60,S1927,饮食,基围虾
L2_60,S1928,饮食,忌口
L2_60,S1929,饮食,加餐
L2_60,S1930,饮食,加味逍遥丸
L2_60,S1931,饮食,尖椒
L2_60,S1932,饮食,坚果
L2_60,S1933,饮食,煎饼
L2_60,S1934,饮食,煎三文鱼
L2_60,S1935,饮食,减餐不吃
L2_60,S1936,饮食,健康过元宵节
L2_60,S1937,饮食,健康零食
L2_60,S1938,饮食,健康饮食结构
L2_60,S1939,饮食,健康早餐
L2_60,S1940,饮食,酱菜
L2_60,S1941,饮食,酱油
L2_60,S1942,饮食,酱油炒饭
L2_60,S1943,饮食,焦
L2_60,S1944,饮食,焦耳
L2_60,S1945,饮食,饺子
L2_60,S1946,饮食,芥末木耳
L2_60,S1947,饮食,金华酥饼
L2_60,S1948,饮食,金桔
L2_60,S1949,饮食,金银花
L2_60,S1950,饮食,进餐顺序
L2_60,S1951,饮食,进食
L2_60,S1952,饮食,进食顺序
L2_60,S1953,饮食,禁糖
L2_60,S1954,饮食,韭菜
L2_60,S1955,饮食,酒
L2_60,S1956,饮食,酒的危害
L2_60,S1957,饮食,酒精
L2_60,S1958,饮食,蕨
L2_60,S1959,饮食,菌类
L2_60,S1960,饮食,咖啡
L2_60,S1961,饮食,咖喱
L2_60,S1962,饮食,烤饼
L2_60,S1963,饮食,烤红薯
L2_60,S1964,饮食,烤肉
L2_60,S1965,饮食,烤鸭
L2_60,S1966,饮食,可不可以吃海鲜
L2_60,S1967,饮食,可吃吗
L2_60,S1968,饮食,可乐
L2_60,S1969,饮食,可食部
L2_60,S1970,饮食,可以
L2_60,S1971,饮食,可以吃
L2_60,S1972,饮食,可以吃草莓吗
L2_60,S1973,饮食,可以吃黑芝麻
L2_60,S1974,饮食,可以吃绿豆稀饭吗吗
L2_60,S1975,饮食,可以吃吗
L2_60,S1976,饮食,可以吃么
L2_60,S1977,饮食,可以吃哪几种
L2_60,S1978,饮食,可以吃哪些东西
L2_60,S1979,饮食,可以吃天天一族芝麻瓦片
L2_60,S1980,饮食,可以吃折腾吗
L2_60,S1981,饮食,可以吃芝士吗
L2_60,S1982,饮食,可以吃竹笋吗
L2_60,S1983,饮食,可以喝酒
L2_60,S1984,饮食,可以喝酒吗
L2_60,S1985,饮食,控制吃
L2_60,S1986,饮食,控制酒量
L2_60,S1987,饮食,口渴
L2_60,S1988,饮食,口香糖
L2_60,S1989,饮食,苦丁茶
L2_60,S1990,饮食,苦瓜
L2_60,S1991,饮食,苦瓜炒牛肉
L2_60,S1992,饮食,垃圾食品
L2_60,S1993,饮食,辣
L2_60,S1994,饮食,辣椒
L2_60,S1995,饮食,辣条
L2_60,S1996,饮食,蓝莓
L2_60,S1997,饮食,梨
L2_60,S1998,饮食,梨子
L2_60,S1999,饮食,李子
L2_60,S2000,饮食,荔枝
L2_60,S2001,饮食,连铁
L2_60,S2002,饮食,莲雾
L2_60,S2003,饮食,凉拌黑木耳
L2_60,S2004,饮食,凉面
L2_60,S2005,饮食,凉皮
L2_60,S2006,饮食,凉汤
L2_60,S2007,饮食,零卡饮料
L2_60,S2008,饮食,零食
L2_60,S2009,饮食,榴莲
L2_60,S2010,饮食,芦蒿
L2_60,S2011,饮食,卤肉
L2_60,S2012,饮食,鹿角
L2_60,S2013,饮食,罗汉
L2_60,S2014,饮食,罗汉果
L2_60,S2015,饮食,萝卜丝拌海蜇
L2_60,S2016,饮食,绿茶
L2_60,S2017,饮食,绿豆
L2_60,S2018,饮食,绿豆汤
L2_60,S2019,饮食,妈妈月子餐
L2_60,S2020,饮食,麦片
L2_60,S2021,饮食,麦芽糖
L2_60,S2022,饮食,麦芽糖醇
L2_60,S2023,饮食,馒头
L2_60,S2024,饮食,芒果
L2_60,S2025,饮食,毛豆
L2_60,S2026,饮食,没吃好
L2_60,S2027,饮食,每餐面粉150
L2_60,S2028,饮食,每天10多个菜
L2_60,S2029,饮食,每天吃多少
L2_60,S2030,饮食,每天能吃多少
L2_60,S2031,饮食,美食
L2_60,S2032,饮食,弥猴桃
L2_60,S2033,饮食,猕猴桃
L2_60,S2034,饮食,米饭
L2_60,S2035,饮食,米粉
L2_60,S2036,饮食,米酒
L2_60,S2037,饮食,米磨成粉
L2_60,S2038,饮食,米线
L2_60,S2039,饮食,米粥
L2_60,S2040,饮食,面
L2_60,S2041,饮食,面包
L2_60,S2042,饮食,面食
L2_60,S2043,饮食,面条
L2_60,S2044,饮食,蘑菇
L2_60,S2045,饮食,木耳一
L2_60,S2046,饮食,木瓜
L2_60,S2047,饮食,木糖醇
L2_60,S2048,饮食,奶粉
L2_60,S2049,饮食,奶制品
L2_60,S2050,饮食,南瓜
L2_60,S2051,饮食,能不喝酒吗
L2_60,S2052,饮食,能吃
L2_60,S2053,饮食,能吃白醋吗
L2_60,S2054,饮食,能吃不
L2_60,S2055,饮食,能吃蚕蛹
L2_60,S2056,饮食,能吃抻面吗
L2_60,S2057,饮食,能吃冬瓜
L2_60,S2058,饮食,能吃冬瓜吧
L2_60,S2059,饮食,能吃豆角吗
L2_60,S2060,饮食,能吃淮山吗
L2_60,S2061,饮食,能吃鸡肝吗
L2_60,S2062,饮食,能吃鸡爪吗
L2_60,S2063,饮食,能吃鲫鱼汤吗
L2_60,S2064,饮食,能吃六味地黄丸吗
L2_60,S2065,饮食,能吃吗
L2_60,S2066,饮食,能吃麦芽糖吗
L2_60,S2067,饮食,能吃木耳菜
L2_60,S2068,饮食,能吃糯米饭吗
L2_60,S2069,饮食,能吃三七粉吗
L2_60,S2070,饮食,能吃桑椹干吗
L2_60,S2071,饮食,能吃圣女果吗
L2_60,S2072,饮食,能吃桃吗
L2_60,S2073,饮食,能吃香瓜吗
L2_60,S2074,饮食,能吃柚子吗
L2_60,S2075,饮食,能吃蔗吗
L2_60,S2076,饮食,能吃蔗糖吗
L2_60,S2077,饮食,能吃猪血吗
L2_60,S2078,饮食,能点虾
L2_60,S2079,饮食,能点虾吗
L2_60,S2080,饮食,能腐乳吗
L2_60,S2081,饮食,能喝酒吗
L2_60,S2082,饮食,能量摄入
L2_60,S2083,饮食,泥鳅
L2_60,S2084,饮食,年糕
L2_60,S2085,饮食,柠檬
L2_60,S2086,饮食,牛奶
L2_60,S2087,饮食,牛奶天天喝
L2_60,S2088,饮食,牛七七
L2_60,S2089,饮食,牛肉
L2_60,S2090,饮食,糯米酒
L2_60,S2091,饮食,糯玉米
L2_60,S2092,饮食,偶然能吃吗
L2_60,S2093,饮食,藕
L2_60,S2094,饮食,藕粉
L2_60,S2095,饮食,螃蟹
L2_60,S2096,饮食,配餐
L2_60,S2097,饮食,烹饪
L2_60,S2098,饮食,烹饪方法
L2_60,S2099,饮食,烹调方法
L2_60,S2100,饮食,批杷
L2_60,S2101,饮食,披萨
L2_60,S2102,饮食,枇杷
L2_60,S2103,饮食,啤酒
L2_60,S2104,饮食,啤酒可以吃了吗
L2_60,S2105,饮食,偏方治大病
L2_60,S2106,饮食,苹果
L2_60,S2107,饮食,葡萄
L2_60,S2108,饮食,葡萄干
L2_60,S2109,饮食,蒲公英
L2_60,S2110,饮食,荠菜拌香干
L2_60,S2111,饮食,芡实
L2_60,S2112,饮食,荞麦
L2_60,S2113,饮食,巧吃
L2_60,S2114,饮食,巧加餐
L2_60,S2115,饮食,巧克力
L2_60,S2116,饮食,茄子
L2_60,S2117,饮食,芹菜
L2_60,S2118,饮食,青椒
L2_60,S2119,饮食,青李
L2_60,S2120,饮食,青枣
L2_60,S2121,饮食,轻断食
L2_60,S2122,饮食,清炖豆腐
L2_60,S2123,饮食,清柠檬炖鸡
L2_60,S2124,饮食,秋季养生
L2_60,S2125,饮食,秋葵
L2_60,S2126,饮食,去控制吃
L2_60,S2127,饮食,全麦面
L2_60,S2128,饮食,热干面
L2_60,S2129,饮食,热亮
L2_60,S2130,饮食,热量
L2_60,S2131,饮食,人参果
L2_60,S2132,饮食,肉
L2_60,S2133,饮食,肉夹馍
L2_60,S2134,饮食,肉类
L2_60,S2135,饮食,肉末酿西红柿
L2_60,S2136,饮食,肉丝
L2_60,S2137,饮食,如何吃
L2_60,S2138,饮食,软性饮料
L2_60,S2139,饮食,三白食品
L2_60,S2140,饮食,三餐
L2_60,S2141,饮食,三七粉
L2_60,S2142,饮食,桑葚
L2_60,S2143,饮食,山药
L2_60,S2144,饮食,山楂
L2_60,S2145,饮食,山楂泡水
L2_60,S2146,饮食,山竹
L2_60,S2147,饮食,膳食
L2_60,S2148,饮食,烧饼
L2_60,S2149,饮食,少吃油
L2_60,S2150,饮食,少吃主食
L2_60,S2151,饮食,少量多餐
L2_60,S2152,饮食,少食多餐
L2_60,S2153,饮食,摄入顺序
L2_60,S2154,饮食,深海鱼
L2_60,S2155,饮食,什么都可以吃吗
L2_60,S2156,饮食,升糖指数
L2_60,S2157,饮食,生吃
L2_60,S2158,饮食,生葱生蒜
L2_60,S2159,饮食,食补
L2_60,S2160,饮食,食不过量
L2_60,S2161,饮食,食疗特膳
L2_60,S2162,饮食,食品
L2_60,S2163,饮食,食谱
L2_60,S2164,饮食,食物
L2_60,S2165,饮食,食物成瘾
L2_60,S2166,饮食,食盐
L2_60,S2167,饮食,食用盐
L2_60,S2168,饮食,是吃出来的吗
L2_60,S2169,饮食,适当喝酒
L2_60,S2170,饮食,手抓饼
L2_60,S2171,饮食,寿司卷
L2_60,S2172,饮食,蔬菜
L2_60,S2173,饮食,薯片
L2_60,S2174,饮食,水豆腐
L2_60,S2175,饮食,水果
L2_60,S2176,饮食,水饺
L2_60,S2177,饮食,水蜜桃
L2_60,S2178,饮食,睡前可以吃
L2_60,S2179,饮食,丝瓜
L2_60,S2180,饮食,四季养生
L2_60,S2181,饮食,苏打饼干
L2_60,S2182,饮食,酸菜
L2_60,S2183,饮食,酸菜鱼
L2_60,S2184,饮食,酸溜豆芽
L2_60,S2185,饮食,酸萝卜
L2_60,S2186,饮食,酸奶
L2_60,S2187,饮食,酸牛奶
L2_60,S2188,饮食,祘
L2_60,S2189,饮食,蒜苔
L2_60,S2190,饮食,蒜薹
L2_60,S2191,饮食,算出当天应该吃多少
L2_60,S2192,饮食,太平梳打香葱味
L2_60,S2193,饮食,碳水
L2_60,S2194,饮食,碳水化合物
L2_60,S2195,饮食,碳水化合物饮食
L2_60,S2196,饮食,汤
L2_60,S2197,饮食,汤圆
L2_60,S2198,饮食,糖
L2_60,S2199,饮食,糖醇食品
L2_60,S2200,饮食,糖醋里脊
L2_60,S2201,饮食,糖果
L2_60,S2202,饮食,糖料
L2_60,S2203,饮食,糖妈妈
L2_60,S2204,饮食,糖尿病标准餐盘
L2_60,S2205,饮食,糖尿病菜谱
L2_60,S2206,饮食,糖尿病能吃吗
L2_60,S2207,饮食,糖水
L2_60,S2208,饮食,桃子
L2_60,S2209,饮食,田螺
L2_60,S2210,饮食,甜到忧伤
L2_60,S2211,饮食,甜点
L2_60,S2212,饮食,甜食
L2_60,S2213,饮食,甜味剂
L2_60,S2214,饮食,甜爪
L2_60,S2215,饮食,土豆
L2_60,S2216,饮食,土豆粉
L2_60,S2217,饮食,土瓜
L2_60,S2218,饮食,脱脂奶粉
L2_60,S2219,饮食,外边就餐
L2_60,S2220,饮食,外出吃饭
L2_60,S2221,饮食,外出就餐
L2_60,S2222,饮食,晚餐
L2_60,S2223,饮食,晚饭
L2_60,S2224,饮食,亡果
L2_60,S2225,饮食,为什么要少吃
L2_60,S2226,饮食,芛
L2_60,S2227,饮食,无花果
L2_60,S2228,饮食,无花果可以吃吗
L2_60,S2229,饮食,无糖
L2_60,S2230,饮食,无糖食品
L2_60,S2231,饮食,无糖饮料
L2_60,S2232,饮食,无糖月饼
L2_60,S2233,饮食,午餐
L2_60,S2234,饮食,午饭
L2_60,S2235,饮食,西瓜
L2_60,S2236,饮食,西红柿
L2_60,S2237,饮食,西葫芦面
L2_60,S2238,饮食,西洋参
L2_60,S2239,饮食,稀饭
L2_60,S2240,饮食,喜欢吃
L2_60,S2241,饮食,虾
L2_60,S2242,饮食,虾米
L2_60,S2243,饮食,虾皮
L2_60,S2244,饮食,夏季饮水
L2_60,S2245,饮食,鲜黄豆
L2_60,S2246,饮食,鲜净冷热生熟
L2_60,S2247,饮食,限食
L2_60,S2248,饮食,限盐
L2_60,S2249,饮食,香椿
L2_60,S2250,饮食,香椿芽能吃吗
L2_60,S2251,饮食,香干
L2_60,S2252,饮食,香菇
L2_60,S2253,饮食,香瓜
L2_60,S2254,饮食,香瓜能吃吗
L2_60,S2255,饮食,香蕉
L2_60,S2256,饮食,小笼包
L2_60,S2257,饮食,小麦
L2_60,S2258,饮食,小米
L2_60,S2259,饮食,小米粥
L2_60,S2260,饮食,新鲜蚕豆
L2_60,S2261,饮食,新鲜黄花菜可以吃多
L2_60,S2262,饮食,杏仁
L2_60,S2263,饮食,杏子
L2_60,S2264,饮食,雪连果可以吃吗
L2_60,S2265,饮食,雪莲果
L2_60,S2266,饮食,鸭蛋
L2_60,S2267,饮食,盐
L2_60,S2268,饮食,盐吃多了
L2_60,S2269,饮食,盐多必失
L2_60,S2270,饮食,燕麦
L2_60,S2271,饮食,燕麦片
L2_60,S2272,饮食,羊奶
L2_60,S2273,饮食,杨梅
L2_60,S2274,饮食,洋葱
L2_60,S2275,饮食,药酒
L2_60,S2276,饮食,夜宵
L2_60,S2277,饮食,一吃就感总胃撑了不行
L2_60,S2278,饮食,一口菜
L2_60,S2279,饮食,一日三餐
L2_60,S2280,饮食,一天吃多少
L2_60,S2281,饮食,胰岛素
L2_60,S2282,饮食,益生菌
L2_60,S2283,饮食,薏米
L2_60,S2284,饮食,薏仁
L2_60,S2285,饮食,银耳
L2_60,S2286,饮食,饮
L2_60,S2287,饮食,饮酒
L2_60,S2288,饮食,饮料
L2_60,S2289,饮食,饮品
L2_60,S2290,饮食,饮苹果醋
L2_60,S2291,饮食,饮食
L2_60,S2292,饮食,饮食干预
L2_60,S2293,饮食,饮食教育
L2_60,S2294,饮食,饮食控制
L2_60,S2295,饮食,饮食疗法
L2_60,S2296,饮食,饮食篇
L2_60,S2297,饮食,饮食失调
L2_60,S2298,饮食,饮食习惯
L2_60,S2299,饮食,饮水
L2_60,S2300,饮食,饮用红酒
L2_60,S2301,饮食,缨桃
L2_60,S2302,饮食,樱桃
L2_60,S2303,饮食,鹰嘴豆
L2_60,S2304,饮食,营养餐
L2_60,S2305,饮食,营养过剩
L2_60,S2306,饮食,应该怎么吃
L2_60,S2307,饮食,用餐顺序
L2_60,S2308,饮食,油大了
L2_60,S2309,饮食,油桃
L2_60,S2310,饮食,油条
L2_60,S2311,饮食,柚子
L2_60,S2312,饮食,鱼
L2_60,S2313,饮食,鱼香肉丝
L2_60,S2314,饮食,鱼籽寿司
L2_60,S2315,饮食,玉米
L2_60,S2316,饮食,玉米棒能吃吗
L2_60,S2317,饮食,玉米面
L2_60,S2318,饮食,芋头
L2_60,S2319,饮食,芋头可以吃吗
L2_60,S2320,饮食,元贞糖
L2_60,S2321,饮食,原真糖
L2_60,S2322,饮食,圓白菜
L2_60,S2323,饮食,孕妈妈
L2_60,S2324,饮食,杂粮
L2_60,S2325,饮食,在家用餐
L2_60,S2326,饮食,早餐
L2_60,S2327,饮食,早儿餐
L2_60,S2328,饮食,早饭
L2_60,S2329,饮食,早上吃
L2_60,S2330,饮食,早上吃啥
L2_60,S2331,饮食,皂角米
L2_60,S2332,饮食,怎么吃
L2_60,S2333,饮食,怎么吃才健康
L2_60,S2334,饮食,怎样吃
L2_60,S2335,饮食,炸鸡
L2_60,S2336,饮食,榨汁
L2_60,S2337,饮食,这道菜
L2_60,S2338,饮食,这样吃
L2_60,S2339,饮食,蔗糖
L2_60,S2340,饮食,蒸鲈鱼
L2_60,S2341,饮食,蒸鱼豉油
L2_60,S2342,饮食,蒸紫薯
L2_60,S2343,饮食,整两盅
L2_60,S2344,饮食,只吃菜
L2_60,S2345,饮食,芝麻
L2_60,S2346,饮食,芝麻酱
L2_60,S2347,饮食,芝麻能吃吗
L2_60,S2348,饮食,脂肪
L2_60,S2349,饮食,植物油
L2_60,S2350,饮食,至尊披萨
L2_60,S2351,饮食,粥
L2_60,S2352,饮食,猪肝
L2_60,S2353,饮食,猪内脏
L2_60,S2354,饮食,猪排骨
L2_60,S2355,饮食,猪肉
L2_60,S2356,饮食,猪蹄
L2_60,S2357,饮食,猪蹄可以吃吗
L2_60,S2358,饮食,猪胀粉
L2_60,S2359,饮食,竹笋能不能吃
L2_60,S2360,饮食,主食
L2_60,S2361,饮食,煮花生豆能吃吗
L2_60,S2362,饮食,紫甘蓝
L2_60,S2363,饮食,紫薯
L2_60,S2364,饮食,紫腰果
L2_60,S2365,饮食,紫腰果Gi
L2_60,S2366,饮食,总是饿
L2_60,S2367,饮食,粽子
L2_60,S2368,饮食,最佳用餐时间
L2_60,S2369,饮食,饮食习惯
L2_60,S2370,饮食,如何加餐
L2_60,S2371,饮食,加餐不加量
L2_60,S2372,饮食,如何加餐
L2_60,S2373,饮食,富贵病
L2_60,S2374,饮食,低热量饮食
L2_60,S2375,饮食,交换份
L2_60,S2376,饮食,每日份
L2_60,S2377,饮食,交换份
L2_60,S2378,饮食,交换份
L2_60,S2379,饮食,卡里路
L2_60,S2380,饮食,卡路里
L2_60,S2381,饮食,能量换算
L2_60,S2382,饮食,能量计算
L2_60,S2383,饮食,热卡
L2_60,S2384,饮食,食用油
L2_60,S2385,饮食,大卡
L2_60,S2386,饮食,忌口
L2_60,S2387,饮食,替换份
L2_60,S2388,饮食,油盐
L2_60,S2389,饮食,盛产
L2_60,S2390,饮食,白木耳
L2_60,S2391,饮食,水中有四宝
L2_60,S2392,饮食,每天都要吃的这个东西
L2_60,S2393,饮食,白粥
L2_60,S2394,饮食,吃那些东西比较好
L2_60,S2395,饮食,低热量
L2_60,S2396,饮食,食疗
L2_60,S2397,饮食,火锅
L2_60,S2398,饮食,控制食欲
L2_60,S2399,饮食,绞股蓝煲汤
L2_60,S2400,饮食,青柠炖鸡
L2_60,S2401,饮食,凉水
L2_60,S2402,饮食,端午节
L2_60,S2403,饮食,vc片
L2_60,S2404,饮食,王老吉
L2_60,S2405,饮食,小黄瓜
L2_60,S2406,饮食,日本老糖
L2_61,S2407,营养,营养
L2_61,S2408,营养,调整饮食
L2_61,S2409,营养,补钙
L2_61,S2410,营养,营养品
L2_61,S2411,营养,微量元素
L2_61,S2412,营养,叶酸
L2_61,S2413,营养,补锌
L2_61,S2414,营养,脂肪酸
L2_61,S2415,营养,维生素
L2_61,S2416,营养,矿物质
L2_61,S2417,营养,营养素
L2_61,S2418,营养,维生素D
L2_61,S2419,营养,25-(OH)D
L2_61,S2420,营养,饱和脂肪酸
L2_61,S2421,营养,生素B1缺乏症
L2_61,S2422,营养,维生素
L2_61,S2423,营养,维生素D
L2_61,S2424,营养,糖尿病保健品
L2_61,S2425,营养,健品
L2_61,S2426,营养,维生素制剂
L2_61,S2427,营养,保健品
L2_61,S2428,营养,蛋白粉
L2_61,S2429,营养,卵磷脂
L2_62,S2430,运动,运动
L2_62,S2431,运动,久坐
L2_62,S2432,运动,动动更健康
L2_62,S2433,运动,FITT
L2_62,S2434,运动,运动处方
L2_62,S2435,运动,餐后运动
L2_62,S2436,运动,锻炼
L2_62,S2437,运动,游泳
L2_62,S2438,运动,迈开腿
L2_62,S2439,运动,耐力训练
L2_62,S2440,运动,骑迹
L2_62,S2441,运动,宅男宅女
L2_62,S2442,运动,骑行
L2_62,S2443,运动,步行
L2_62,S2444,运动,走路
L2_62,S2445,运动,力量练习
L2_62,S2446,运动,打排球
L2_62,S2447,运动,登山
L2_62,S2448,运动,踏青
L2_62,S2449,运动,每天跟我做
L2_62,S2450,运动,宅男宅女
L2_62,S2451,运动,吃与动
L2_62,S2452,运动,运动
L2_62,S2453,运动,游泳
L2_62,S2454,运动,餐后运动
L2_62,S2455,运动,散步
L2_62,S2456,运动,运动会
L2_62,S2457,运动,行走
L2_62,S2458,运动,徒步
L2_62,S2459,运动,像奥运冠
L2_62,S2460,运动,骑迹
L2_62,S2461,运动,轻轻松松动起来
L2_62,S2462,运动,剧烈运动
L2_62,S2463,运动,跳舞
L2_62,S2464,运动,运动量
L2_62,S2465,运动,万步
L2_62,S2466,运动,每走1分钟可延长寿命
L2_62,S2467,运动,晨跑
L2_62,S2468,运动,夜跑
L2_62,S2469,运动,一天走了多少步
L2_62,S2470,运动,健康操
L2_62,S2471,运动,连续干十多个小时重活
L2_62,S2472,运动,不用干活
L2_62,S2473,运动,锻炼身体
L2_62,S2474,运动,健康操
L2_62,S2475,运动,每天要走多少步
L2_62,S2476,运动,跑步
L2_62,S2477,运动,跳绳
L2_62,S2478,运动,健身操
L2_63,S2479,心理疏导,病房故事
L2_63,S2480,心理疏导,开心一刻
L2_63,S2481,心理疏导,欢乐送
L2_63,S2482,心理疏导,糖医下午茶
L2_63,S2483,心理疏导,糖医网下午茶
L2_63,S2484,心理疏导,糖医周末下午茶
L2_63,S2485,心理疏导,爆笑糖果
L2_63,S2486,心理疏导,轻松一下
L2_63,S2487,心理疏导,糖友FM
L2_63,S2488,心理疏导,心理篇
L2_63,S2489,心理疏导,何对待疾病
L2_63,S2490,心理疏导,情绪低潮
L2_63,S2491,心理疏导,闭锁的心
L2_63,S2492,心理疏导,放飞心情
L2_63,S2493,心理疏导,心魔
L2_63,S2494,心理疏导,心理误区
L2_63,S2495,心理疏导,心平气和
L2_63,S2496,心理疏导,活得很累
L2_63,S2497,心理疏导,6种心理不可少
L2_63,S2498,心理疏导,我该如何面对
L2_63,S2499,心理疏导,缓解心理压力
L2_63,S2500,心理疏导,心理篇
L2_63,S2501,心理疏导,心路历程
L2_63,S2502,心理疏导,愉悦心情
L2_63,S2503,心理疏导,爆笑
L2_63,S2504,心理疏导,心理疗法
L2_63,S2505,心理疏导,如何帮助身边的糖友
L2_63,S2506,心理疏导,心理健康
L2_63,S2507,心理疏导,心情舒畅
L2_63,S2508,心理疏导,心态不同
L2_63,S2509,心理疏导,思想导师
L2_63,S2510,心理疏导,"也能""出来友友"
L2_63,S2511,心理疏导,健康心态
L2_63,S2512,心理疏导,豁然开朗
L2_63,S2513,心理疏导,4种心态
L2_63,S2514,心理疏导,对待糖尿病
L2_63,S2515,心理疏导,情绪杀手
L2_63,S2516,心理疏导,管理情绪
L2_63,S2517,心理疏导,哭能高吗
L2_63,S2518,心理疏导,糖尿病烦
L2_63,S2519,心理疏导,是不是很不耐烦
L2_63,S2520,心理疏导,糖友心路
L2_63,S2521,心理疏导,心情低落
L2_63,S2522,心理疏导,心情烦躁
L2_64,S2523,糖尿病管理,临床管理
L2_64,S2524,糖尿病管理,糖尿病教育
L2_64,S2525,糖尿病管理,慢病管理
L2_64,S2526,糖尿病管理,慢性病健康管理
L2_64,S2527,糖尿病管理,规范化管理
L2_64,S2528,糖尿病管理,漏服
L2_64,S2529,糖尿病管理,漏打
L2_64,S2530,糖尿病管理,糖尿病管家系统
L2_64,S2531,糖尿病管理,糖尿病自我管理
L2_64,S2532,糖尿病管理,规范管理
L2_64,S2533,糖尿病管理,五驾马车
L2_64,S2534,糖尿病管理,糖尿病管理
L2_64,S2535,糖尿病管理,慢性病门诊
L2_64,S2536,糖尿病管理,慢性病管理模式
L2_64,S2537,糖尿病管理,慢性病管理模式
L2_64,S2538,糖尿病管理,自我管理
L2_64,S2539,糖尿病管理,管理糖尿病
L2_64,S2540,糖尿病管理,糖尿病控制
L2_64,S2541,糖尿病管理,慢病门诊
L2_64,S2542,糖尿病管理,糖尿病防控
L2_64,S2543,糖尿病管理,防控糖尿病
L2_64,S2544,糖尿病管理,抗击糖尿病
L2_64,S2545,糖尿病管理,防治策略
L2_64,S2546,糖尿病管理,血糖的管理
L2_64,S2547,糖尿病管理,综合管理
L2_64,S2548,糖尿病管理,预期寿命
L2_64,S2549,糖尿病管理,应激状态
L2_64,S2550,糖尿病管理,1个理念+6个要点
L2_64,S2551,糖尿病管理,ABCDEFG
L2_64,S2552,糖尿病管理,得了糖尿病
L2_64,S2553,糖尿病管理,关爱糖尿病家人
L2_64,S2554,糖尿病管理,管理糖尿病
L2_64,S2555,糖尿病管理,患上糖尿病
L2_64,S2556,糖尿病管理,家人患上糖尿病
L2_64,S2557,糖尿病管理,家人患糖尿病
L2_64,S2558,糖尿病管理,糖魔
L2_64,S2559,糖尿病管理,抗糖10年
L2_64,S2560,糖尿病管理,抗糖历程
L2_64,S2561,糖尿病管理,控糖
L2_64,S2562,糖尿病管理,控糖路上
L2_64,S2563,糖尿病管理,怕什么糖尿病
L2_64,S2564,糖尿病管理,认识糖尿病
L2_64,S2565,糖尿病管理,如何健康长寿
L2_64,S2566,糖尿病管理,虽患糖尿病
L2_64,S2567,糖尿病管理,糖尿病的全面管理
L2_64,S2568,糖尿病管理,糖尿病高发人群
L2_64,S2569,糖尿病管理,糖尿病看了这么久
L2_64,S2570,糖尿病管理,糖尿病来了
L2_64,S2571,糖尿病管理,糖尿病人生
L2_64,S2572,糖尿病管理,糖尿病认识
L2_64,S2573,糖尿病管理,糖尿病新手
L2_64,S2574,糖尿病管理,我的糖尿病
L2_64,S2575,糖尿病管理,协助糖尿病同学
L2_64,S2576,糖尿病管理,与DM和平相处
L2_64,S2577,糖尿病管理,与糖尿病相依相伴
L2_64,S2578,糖尿病管理,远离糖尿病
L2_64,S2579,糖尿病管理,治疗糖尿病的新理念
L2_64,S2580,糖尿病管理,糖尿病病情轻重
L2_64,S2581,糖尿病管理,糖尿病取经路上
L2_64,S2582,糖尿病管理,长期管理
L2_64,S2583,糖尿病管理,十种必修技能
L2_64,S2584,糖尿病管理,做一个幸福的糖友
L2_64,S2585,糖尿病管理,长期管理
L2_64,S2586,糖尿病管理,治疗的6个不等式
L2_64,S2587,糖尿病管理,长期受益
L2_64,S2588,糖尿病管理,控好糖尿病
L2_64,S2589,糖尿病管理,糖尿病健康小册子
L2_64,S2590,糖尿病管理,糖尿病人的管理
L2_65,S2591,糖尿病注意事项,牙齿
L2_65,S2592,糖尿病注意事项,牙龈炎
L2_65,S2593,糖尿病注意事项,雾霾
L2_65,S2594,糖尿病注意事项,大气污染
L2_65,S2595,糖尿病注意事项,环境污染
L2_65,S2596,糖尿病注意事项,环境因素
L2_65,S2597,糖尿病注意事项,空气污染
L2_65,S2598,糖尿病注意事项,血型
L2_65,S2599,糖尿病注意事项,护肤日
L2_65,S2600,糖尿病注意事项,注意事项
L2_65,S2601,糖尿病注意事项,打鼾
L2_65,S2602,糖尿病注意事项,护肝
L2_65,S2603,糖尿病注意事项,泡温泉
L2_65,S2604,糖尿病注意事项,轮班工作
L2_65,S2605,糖尿病注意事项,接种流感疫苗
L2_65,S2606,糖尿病注意事项,皮肤表现
L2_65,S2607,糖尿病注意事项,安全乘机
L2_65,S2608,糖尿病注意事项,护肤
L2_65,S2609,糖尿病注意事项,保暖术
L2_65,S2610,糖尿病注意事项,稳定情绪
L2_65,S2611,糖尿病注意事项,流感高发
L2_65,S2612,糖尿病注意事项,6个习惯
L2_65,S2613,糖尿病注意事项,安全出行
L2_65,S2614,糖尿病注意事项,憋不住尿
L2_65,S2615,糖尿病注意事项,病友犯过的错
L2_65,S2616,糖尿病注意事项,不宜立即泡澡
L2_65,S2617,糖尿病注意事项,出游
L2_65,S2618,糖尿病注意事项,当心
L2_65,S2619,糖尿病注意事项,防感染
L2_65,S2620,糖尿病注意事项,感冒药
L2_65,S2621,糖尿病注意事项,高危人群
L2_65,S2622,糖尿病注意事项,过冬小贴士
L2_65,S2623,糖尿病注意事项,患感冒
L2_65,S2624,糖尿病注意事项,患流感
L2_65,S2625,糖尿病注意事项,剪指甲方法
L2_65,S2626,糖尿病注意事项,谨防
L2_65,S2627,糖尿病注意事项,滥用抗生素
L2_65,S2628,糖尿病注意事项,流感高发
L2_65,S2629,糖尿病注意事项,轮班工作
L2_65,S2630,糖尿病注意事项,旅程
L2_65,S2631,糖尿病注意事项,旅行
L2_65,S2632,糖尿病注意事项,旅游
L2_65,S2633,糖尿病注意事项,闷热天气
L2_65,S2634,糖尿病注意事项,泡温泉
L2_65,S2635,糖尿病注意事项,请给糖友多一些关心
L2_65,S2636,糖尿病注意事项,秋季养生
L2_65,S2637,糖尿病注意事项,如何整理
L2_65,S2638,糖尿病注意事项,三项准备
L2_65,S2639,糖尿病注意事项,慎泡温泉
L2_65,S2640,糖尿病注意事项,碳水化合物计数法
L2_65,S2641,糖尿病注意事项,偏爱
L2_65,S2642,糖尿病注意事项,糖尿病背后的杀手
L2_65,S2643,糖尿病注意事项,糖尿病不应限水
L2_65,S2644,糖尿病注意事项,糖尿病用药谣言
L2_65,S2645,糖尿病注意事项,糖友家中一个重要的房间
L2_65,S2646,糖尿病注意事项,糖友深信不疑
L2_65,S2647,糖尿病注意事项,糖友生病了
L2_65,S2648,糖尿病注意事项,头屑烦恼
L2_65,S2649,糖尿病注意事项,认识误区
L2_65,S2650,糖尿病注意事项,勿挤手指
L2_65,S2651,糖尿病注意事项,新春糖尿病人出门备忘录
L2_65,S2652,糖尿病注意事项,新手上路
L2_65,S2653,糖尿病注意事项,学会看病
L2_65,S2654,糖尿病注意事项,养生时间表
L2_65,S2655,糖尿病注意事项,要注意
L2_65,S2656,糖尿病注意事项,医生找出7个错
L2_65,S2657,糖尿病注意事项,胰岛移植
L2_65,S2658,糖尿病注意事项,疫苗
L2_65,S2659,糖尿病注意事项,银发健康生活321
L2_65,S2660,糖尿病注意事项,隐形眼镜
L2_65,S2661,糖尿病注意事项,影响2型糖尿病患者睡眠
L2_65,S2662,糖尿病注意事项,应对冬季
L2_65,S2663,糖尿病注意事项,应该知道这些事
L2_65,S2664,糖尿病注意事项,远离三“不必”
L2_65,S2665,糖尿病注意事项,注意事项
L2_65,S2666,糖尿病注意事项,做好脚部保暖
L2_65,S2667,糖尿病注意事项,值得注意的
L2_65,S2668,糖尿病注意事项,七件事你也要知道
L2_65,S2669,糖尿病注意事项,直面威胁
L2_65,S2670,糖尿病注意事项,糖尿病患者爱出汗
L2_65,S2671,糖尿病注意事项,亡羊补牢
L2_65,S2672,糖尿病注意事项,蚊虫叮咬
L2_65,S2673,糖尿病注意事项,对糖尿病父亲叮嘱
L2_65,S2674,糖尿病注意事项,警惕这三种疾病
L2_65,S2675,糖尿病注意事项,这些错误您犯过吗
L2_65,S2676,糖尿病注意事项,糖友需注意什么
L2_65,S2677,糖尿病注意事项,夏季流汗
L2_65,S2678,糖尿病注意事项,糖尿病向后退还是向前进
L2_65,S2679,糖尿病注意事项,地震避险
L2_65,S2680,糖尿病注意事项,正视疾病，享乐生活
L2_65,S2681,糖尿病注意事项,预防冻疮
L2_65,S2682,糖尿病注意事项,三个“严格”
L2_65,S2683,糖尿病注意事项,七千万
L2_65,S2684,糖尿病注意事项,骂醒你的人
L2_65,S2685,糖尿病注意事项,和糖友恋爱
L2_65,S2686,糖尿病注意事项,享乐生活
L2_65,S2687,糖尿病注意事项,认识误区
L2_65,S2688,糖尿病注意事项,巧用
L2_65,S2689,糖尿病注意事项,化妆品
L2_65,S2690,糖尿病注意事项,假装看不见
L2_65,S2691,糖尿病注意事项,被拉起的手
L2_65,S2692,糖尿病注意事项,六大法宝
L2_65,S2693,糖尿病注意事项,不重视糖尿病
L2_65,S2694,糖尿病注意事项,6大常见骗局
L2_65,S2695,糖尿病注意事项,抗糖四有原则
L2_65,S2696,糖尿病注意事项,降低发生风险
L2_65,S2697,糖尿病注意事项,五大坏习惯
L2_65,S2698,糖尿病注意事项,糖尿病患者请注意
L2_65,S2699,糖尿病注意事项,糖尿病做到这四点
L2_65,S2700,糖尿病注意事项,科学使用眼药水
L2_65,S2701,糖尿病注意事项,四大意外冬季高发
L2_65,S2702,糖尿病注意事项,做好准备工作
L2_65,S2703,糖尿病注意事项,冬季夜间
L2_65,S2704,糖尿病注意事项,看牙科
L2_65,S2705,糖尿病注意事项,口腔
L2_65,S2706,糖尿病注意事项,拉肚子
L2_65,S2707,糖尿病注意事项,有破皮
L2_65,S2708,糖尿病注意事项,糖尿病该注意什么
L2_65,S2709,糖尿病注意事项,糖尿病患者能拨牙吗
L2_65,S2710,糖尿病注意事项,糖尿病平时应该注意那些问题
L2_65,S2711,糖尿病注意事项,糖尿病人应该注意些什么
L2_65,S2712,糖尿病注意事项,糖尿病散瞳
L2_66,S2713,糖尿病护理,护理皮肤
L2_66,S2714,糖尿病护理,糖尿病护理
L2_66,S2715,糖尿病护理,专科护理
L2_66,S2716,糖尿病护理,护理七件宝
L2_66,S2717,糖尿病护理,护理干预
L2_66,S2718,糖尿病护理,家人护理
L2_66,S2719,糖尿病护理,糖尿病自我护理
L2_66,S2720,糖尿病护理,家庭保健
L2_66,S2721,糖尿病护理,护好腰
L2_66,S2722,糖尿病护理,长期卧床
L2_66,S2723,糖尿病护理,特殊照顾
L2_66,S2724,糖尿病护理,护理
L2_66,S2725,糖尿病护理,皮肤
L2_66,S2726,糖尿病护理,伤口愈合
L2_66,S2727,糖尿病护理,口腔护理
L2_66,S2728,糖尿病护理,口腔皮肤护理
L2_66,S2729,糖尿病护理,皮肤保养
L2_66,S2730,糖尿病护理,夏天护理
L2_67,S2731,女性健康,女性与糖尿病
L2_67,S2732,女性健康,女性糖尿病
L2_67,S2733,女性健康,女性糖友
L2_67,S2734,女性健康,大姨妈
L2_67,S2735,女性健康,经期护理
L2_67,S2736,女性健康,经期
L2_67,S2737,女性健康,更年期女性
L2_67,S2738,女性健康,月经
L2_67,S2739,女性健康,关爱女性月
L2_67,S2740,女性健康,女性健康
L2_68,S2741,糖尿病患者教育,糖尿病患者教育
L2_68,S2742,糖尿病患者教育,同伴支持
L2_68,S2743,糖尿病患者教育,患者教育
L2_68,S2744,糖尿病患者教育,患教
L2_68,S2745,糖尿病患者教育,男女防糖
L2_68,S2746,糖尿病患者教育,血糖疑问
L2_68,S2747,糖尿病患者教育,自我诊断糖尿病
L2_68,S2748,糖尿病患者教育,糖尿病健康教育
L2_68,S2749,糖尿病患者教育,不升糖
L2_68,S2750,糖尿病患者教育,健康指导
L2_68,S2751,糖尿病患者教育,健康教育
L2_68,S2752,糖尿病患者教育,健康新7点
L2_68,S2753,糖尿病患者教育,教育好糖尿病患者
L2_68,S2754,糖尿病患者教育,个案教育
L2_68,S2755,糖尿病患者教育,糖尿病的课件
L2_68,S2756,糖尿病患者教育,糖尿病人的健康宣教
L2_68,S2757,糖尿病患者教育,为什么要接受教育
L2_68,S2758,糖尿病患者教育,为什么要教育
L2_68,S2759,糖尿病患者教育,为什么要接受教育
L2_69,S2760,手术治疗糖尿病,胃旁路术
L2_69,S2761,手术治疗糖尿病,胃束带术
L2_69,S2762,手术治疗糖尿病,腹内迷走神经阻滞(VBLOC）疗法
L2_69,S2763,手术治疗糖尿病,糖尿病手术
L2_69,S2764,手术治疗糖尿病,腹内迷走神经阻滞
L2_69,S2765,手术治疗糖尿病,VBLOC方法
L2_69,S2766,手术治疗糖尿病,干细胞移植
L2_69,S2767,手术治疗糖尿病,胃转流
L2_70,S2768,治疗方案应用,治疗方案应用
L2_70,S2769,治疗方案应用,治疗方案探讨
L2_70,S2770,治疗方案应用,治疗方案讨论
L2_70,S2771,治疗方案应用,治疗讨论
L2_70,S2772,治疗方案应用,治疗药物
L2_70,S2773,治疗方案应用,治疗影响
L2_70,S2774,治疗方案应用,治疗中
L2_70,S2775,治疗方案应用,综合治疗
L2_70,S2776,治疗方案应用,常用药物
L2_70,S2777,治疗方案应用,方案联合用药
L2_70,S2778,治疗方案应用,方案探讨
L2_70,S2779,治疗方案应用,方案调整
L2_70,S2780,治疗方案应用,降糖方案
L2_70,S2781,治疗方案应用,降糖方案探讨
L2_70,S2782,治疗方案应用,降糖方案调整
L2_70,S2783,治疗方案应用,降糖方案选择
L2_70,S2784,治疗方案应用,血糖管理方案
L2_70,S2785,治疗方案应用,调整方案
L2_70,S2786,治疗方案应用,临床用药指导
L2_70,S2787,治疗方案应用,用药说明
L2_70,S2788,治疗方案应用,原因治疗
L2_70,S2789,治疗方案应用,对症治疗
L2_70,S2790,治疗方案应用,气阴两虚兼血瘀型
L2_70,S2791,治疗方案应用,降糖
L2_70,S2792,治疗方案应用,降血糖
L2_70,S2793,治疗方案应用,降糖药物
L2_70,S2794,治疗方案应用,降糖药物处方流程
L2_70,S2795,治疗方案应用,降糖药物应用
L2_70,S2796,治疗方案应用,选择降糖药
L2_70,S2797,治疗方案应用,选用原则
L2_70,S2798,治疗方案应用,临床应用
L2_70,S2799,治疗方案应用,临床中应用
L2_70,S2800,治疗方案应用,药物处方
L2_70,S2801,治疗方案应用,药物方法学
L2_70,S2802,治疗方案应用,药物干预
L2_70,S2803,治疗方案应用,药物篇
L2_70,S2804,治疗方案应用,应用技巧
L2_70,S2805,治疗方案应用,应用可行性
L2_70,S2806,治疗方案应用,用法
L2_70,S2807,治疗方案应用,获益
L2_70,S2808,治疗方案应用,对症治疗
L2_70,S2809,治疗方案应用,降糖治疗
L2_70,S2810,治疗方案应用,降糖治疗选择
L2_70,S2811,治疗方案应用,内科治疗
L2_70,S2812,治疗方案应用,序贯治疗
L2_70,S2813,治疗方案应用,治疗糖尿病患者
L2_70,S2814,治疗方案应用,应用技巧
L2_70,S2815,治疗方案应用,降糖用药
L2_70,S2816,治疗方案应用,血糖升高
L2_70,S2817,治疗方案应用,黄昏现象
L2_70,S2818,治疗方案应用,联用
L2_70,S2819,治疗方案应用,治疗方案
L2_70,S2820,治疗方案应用,糖尿病治疗
L2_70,S2821,治疗方案应用,糖尿病的治疗
L2_70,S2822,治疗方案应用,用药方案
L2_70,S2823,治疗方案应用,个体化
L2_70,S2824,治疗方案应用,降糖药
L2_70,S2825,治疗方案应用,门诊调糖
L2_70,S2826,治疗方案应用,胰岛素替代
L2_70,S2827,治疗方案应用,增敏治疗
L2_70,S2828,治疗方案应用,傻瓜方案技巧
L2_70,S2829,治疗方案应用,治疗糖尿病
L2_70,S2830,治疗方案应用,抗糖尿病药物
L2_70,S2831,治疗方案应用,光照治疗
L2_70,S2832,治疗方案应用,影响血糖
L2_70,S2833,治疗方案应用,药不能用
L2_70,S2834,治疗方案应用,禁用药
L2_70,S2835,治疗方案应用,艾灸
L2_70,S2836,治疗方案应用,短期CSII治疗
L2_70,S2837,治疗方案应用,假药
L2_70,S2838,治疗方案应用,药物治疗原则
L2_70,S2839,治疗方案应用,干预和调整
L2_70,S2840,治疗方案应用,糖尿病药物
L2_70,S2841,治疗方案应用,控糖药
L2_70,S2842,治疗方案应用,自主换药
L2_70,S2843,治疗方案应用,用药问题
L2_70,S2844,治疗方案应用,服药不要太极端
L2_70,S2845,治疗方案应用,用药的五大误区
L2_70,S2846,治疗方案应用,糖尿病药物治疗
L2_70,S2847,治疗方案应用,治疗糖尿病
L2_70,S2848,治疗方案应用,糖尿病常见治疗误区
L2_70,S2849,治疗方案应用,降低血糖
L2_70,S2850,治疗方案应用,降糖药
L2_70,S2851,治疗方案应用,药物
L2_70,S2852,治疗方案应用,口服
L2_70,S2853,治疗方案应用,用药
L2_70,S2854,治疗方案应用,品牌
L2_70,S2855,治疗方案应用,更换
L2_70,S2856,治疗方案应用,换药
L2_70,S2857,治疗方案应用,中药
L2_70,S2858,治疗方案应用,冶疗
L2_70,S2859,治疗方案应用,加药
L2_70,S2860,治疗方案应用,改服
L2_70,S2861,治疗方案应用,糖尿病药品
L2_70,S2862,治疗方案应用,能否自己选药
L2_70,S2863,治疗方案应用,糖尿病如何治疗
L2_70,S2864,治疗方案应用,买糖尿病药
L2_70,S2865,治疗方案应用,糖尿病药
L2_70,S2866,治疗方案应用,糖尿病最好药
L2_70,S2867,治疗方案应用,糖友能停药吗
L2_71,S2868,服药方式/剂量,剂量
L2_71,S2869,服药方式/剂量,剂量调整
L2_71,S2870,服药方式/剂量,用量
L2_71,S2871,服药方式/剂量,BID
L2_71,S2872,服药方式/剂量,两次给药
L2_71,S2873,服药方式/剂量,胰岛素剂量
L2_71,S2874,服药方式/剂量,单位
L2_72,S2875,中医/中药,中药
L2_72,S2876,中医/中药,中医
L2_72,S2877,中医/中药,盲目使用中医
L2_72,S2878,中医/中药,化糖方
L2_72,S2879,中医/中药,化糖组方
L2_72,S2880,中医/中药,肉桂化糖方
L2_72,S2881,中医/中药,消渴丸
L2_72,S2882,中医/中药,六味地黄丸
L2_72,S2883,中医/中药,五脏消糖方
L2_72,S2884,中医/中药,消糖灵颗粒
L2_72,S2885,中医/中药,同仁堂
L2_72,S2886,中医/中药,固本修胰
L2_72,S2887,中医/中药,善堂
L2_72,S2888,中医/中药,中药
L2_72,S2889,中医/中药,中医
L2_73,S2890,口服药应用,口服药降糖
L2_73,S2891,口服药应用,口服药联合治疗
L2_73,S2892,口服药应用,糖尿病口服药
L2_73,S2893,口服药应用,口服降糖药
L2_73,S2894,口服药应用,非注射途径给药
L2_73,S2895,口服药应用,吃药
L2_73,S2896,口服药应用,服用
L2_73,S2897,口服药应用,服药
L2_73,S2898,口服药应用,口服药
L2_73,S2899,口服药应用,缓释片
L2_73,S2900,口服药应用,降糖药物
L2_73,S2901,口服药应用,西药
L2_73,S2902,口服药应用,唐乐5.0
L2_73,S2903,口服药应用,安糖
L2_74,S2904,二甲双胍,Metformin
L2_74,S2905,二甲双胍,安多可
L2_74,S2906,二甲双胍,佰思平
L2_74,S2907,二甲双胍,倍顺
L2_74,S2908,二甲双胍,卜可
L2_74,S2909,二甲双胍,德艾欣
L2_74,S2910,二甲双胍,迪化糖
L2_74,S2911,二甲双胍,都乐宁
L2_74,S2912,二甲双胍,弘飞康
L2_74,S2913,二甲双胍,将唐君
L2_74,S2914,二甲双胍,降力舒
L2_74,S2915,二甲双胍,君力达
L2_74,S2916,二甲双胍,君士达
L2_74,S2917,二甲双胍,君士达新
L2_74,S2918,二甲双胍,力乐尔
L2_74,S2919,二甲双胍,立克糖
L2_74,S2920,二甲双胍,麦克罗辛
L2_74,S2921,二甲双胍,麦特美
L2_74,S2922,二甲双胍,美哒灵
L2_74,S2923,二甲双胍,美迪康
L2_74,S2924,二甲双胍,齐佶
L2_74,S2925,二甲双胍,清旷
L2_74,S2926,二甲双胍,仁欣
L2_74,S2927,二甲双胍,瑞久
L2_74,S2928,二甲双胍,三肖平
L2_74,S2929,二甲双胍,山姆士
L2_74,S2930,二甲双胍,圣特
L2_74,S2931,二甲双胍,圣妥
L2_74,S2932,二甲双胍,泰白
L2_74,S2933,二甲双胍,唐必呋
L2_74,S2934,二甲双胍,唐格
L2_74,S2935,二甲双胍,唐落
L2_74,S2936,二甲双胍,唐坦
L2_74,S2937,二甲双胍,欣舒施宁
L2_74,S2938,二甲双胍,欣唐屏
L2_74,S2939,二甲双胍,盐酸二甲双胍肠溶胶囊
L2_74,S2940,二甲双胍,盐酸二甲双胍肠溶片
L2_74,S2941,二甲双胍,盐酸二甲双胍胶囊
L2_74,S2942,二甲双胍,盐酸二甲双胍片
L2_74,S2943,二甲双胍,伊众捷
L2_74,S2944,二甲双胍,亿恒
L2_74,S2945,二甲双胍,悦康唐泰平
L2_74,S2946,二甲双胍,众氏得
L2_74,S2947,二甲双胍,盐酸苯乙双胍片
L2_74,S2948,二甲双胍,苯乙双胍
L2_74,S2949,二甲双胍,二甲双胍
L2_74,S2950,二甲双胍,格华止
L2_74,S2951,二甲双胍,胍
L2_74,S2952,二甲双胍,盐酸二甲双胍
L2_74,S2953,二甲双胍,盐酸二甲双胍缓释片
L2_74,S2954,二甲双胍,肠溶片
L2_74,S2955,二甲双胍,二甲双
L2_75,S2956,α-葡萄糖苷酶抑制剂,α-葡萄糖苷酶抑制剂
L2_75,S2957,α-葡萄糖苷酶抑制剂,贝希
L2_75,S2958,α-葡萄糖苷酶抑制剂,拜唐苹
L2_75,S2959,α-葡萄糖苷酶抑制剂,卡博平
L2_75,S2960,α-葡萄糖苷酶抑制剂,奥恬苹
L2_75,S2961,α-葡萄糖苷酶抑制剂,来平
L2_75,S2962,α-葡萄糖苷酶抑制剂,米格列醇片
L2_75,S2963,α-葡萄糖苷酶抑制剂,安立泰
L2_75,S2964,α-葡萄糖苷酶抑制剂,拜宁
L2_75,S2965,α-葡萄糖苷酶抑制剂,倍欣
L2_75,S2966,α-葡萄糖苷酶抑制剂,华怡平
L2_75,S2967,α-葡萄糖苷酶抑制剂,家能
L2_75,S2968,α-葡萄糖苷酶抑制剂,介容
L2_75,S2969,α-葡萄糖苷酶抑制剂,浦定
L2_75,S2970,α-葡萄糖苷酶抑制剂,伏格列波糖咀嚼片
L2_75,S2971,α-葡萄糖苷酶抑制剂,伏格列波糖片
L2_75,S2972,α-葡萄糖苷酶抑制剂,伏格列波糖片
L2_75,S2973,α-葡萄糖苷酶抑制剂,伏格列波糖
L2_75,S2974,α-葡萄糖苷酶抑制剂,伏格列波糖片
L2_75,S2975,α-葡萄糖苷酶抑制剂,伏格列波糖片
L2_75,S2976,α-葡萄糖苷酶抑制剂,万苏迪
L2_75,S2977,α-葡萄糖苷酶抑制剂,惜康
L2_75,S2978,α-葡萄糖苷酶抑制剂,阿卡波糖
L2_75,S2979,α-葡萄糖苷酶抑制剂,米格列醇
L2_75,S2980,α-葡萄糖苷酶抑制剂,伏格列波糖
L2_75,S2981,α-葡萄糖苷酶抑制剂,阿卡波
L2_75,S2982,α-葡萄糖苷酶抑制剂,拜糖平
L2_75,S2983,α-葡萄糖苷酶抑制剂,伏格列波粞
L2_75,S2984,α-葡萄糖苷酶抑制剂,阿波卡
L2_75,S2985,α-葡萄糖苷酶抑制剂,糖苷酶抑制剂
L2_76,S2986,胰岛素促泌剂,胰岛素促泌剂
L2_76,S2987,胰岛素促泌剂,磺脲
L2_76,S2988,胰岛素促泌剂,格列奈
L2_76,S2989,胰岛素促泌剂,格列本脲
L2_76,S2990,胰岛素促泌剂,格列喹酮
L2_76,S2991,胰岛素促泌剂,格列美脲
L2_76,S2992,胰岛素促泌剂,格列齐特
L2_76,S2993,胰岛素促泌剂,格列本脲片
L2_76,S2994,胰岛素促泌剂,达尔得
L2_76,S2995,胰岛素促泌剂,达美康
L2_76,S2996,胰岛素促泌剂,弗莱因
L2_76,S2997,胰岛素促泌剂,格列齐特缓释胶囊
L2_76,S2998,胰岛素促泌剂,格列齐特缓释片
L2_76,S2999,胰岛素促泌剂,格列齐特胶囊
L2_76,S3000,胰岛素促泌剂,格列齐特片
L2_76,S3001,胰岛素促泌剂,格列齐特片(II)
L2_76,S3002,胰岛素促泌剂,格列齐特片II
L2_76,S3003,胰岛素促泌剂,弘旭阳
L2_76,S3004,胰岛素促泌剂,佳淘
L2_76,S3005,胰岛素促泌剂,嘉健唐迪
L2_76,S3006,胰岛素促泌剂,利宁格
L2_76,S3007,胰岛素促泌剂,列克
L2_76,S3008,胰岛素促泌剂,诺列
L2_76,S3009,胰岛素促泌剂,瑞迈
L2_76,S3010,胰岛素促泌剂,梳降糖
L2_76,S3011,胰岛素促泌剂,替达美
L2_76,S3012,胰岛素促泌剂,阿茉立
L2_76,S3013,胰岛素促泌剂,安多美
L2_76,S3014,胰岛素促泌剂,安尼平
L2_76,S3015,胰岛素促泌剂,迪北
L2_76,S3016,胰岛素促泌剂,格列美脲分散片
L2_76,S3017,胰岛素促泌剂,格列美脲口腔崩解片
L2_76,S3018,胰岛素促泌剂,佳和洛
L2_76,S3019,胰岛素促泌剂,科德平
L2_76,S3020,胰岛素促泌剂,力贻苹
L2_76,S3021,胰岛素促泌剂,普唐苹
L2_76,S3022,胰岛素促泌剂,瑞平
L2_76,S3023,胰岛素促泌剂,圣平
L2_76,S3024,胰岛素促泌剂,唐弗
L2_76,S3025,胰岛素促泌剂,万苏平
L2_76,S3026,胰岛素促泌剂,亚莫利
L2_76,S3027,胰岛素促泌剂,伊瑞
L2_76,S3028,胰岛素促泌剂,佑苏
L2_76,S3029,胰岛素促泌剂,安达
L2_76,S3030,胰岛素促泌剂,迪沙
L2_76,S3031,胰岛素促泌剂,格迪
L2_76,S3032,胰岛素促泌剂,格列吡嗪
L2_76,S3033,胰岛素促泌剂,格列吡嗪胶囊
L2_76,S3034,胰岛素促泌剂,格列吡嗪口腔崩解片
L2_76,S3035,胰岛素促泌剂,格列吡嗪片
L2_76,S3036,胰岛素促泌剂,捷贝
L2_76,S3037,胰岛素促泌剂,乐透福
L2_76,S3038,胰岛素促泌剂,麦林格
L2_76,S3039,胰岛素促泌剂,曼迪宝
L2_76,S3040,胰岛素促泌剂,美吡达
L2_76,S3041,胰岛素促泌剂,灭特尼
L2_76,S3042,胰岛素促泌剂,秦苏
L2_76,S3043,胰岛素促泌剂,瑞易宁
L2_76,S3044,胰岛素促泌剂,唐贝克
L2_76,S3045,胰岛素促泌剂,唐能
L2_76,S3046,胰岛素促泌剂,棠格列
L2_76,S3047,胰岛素促泌剂,西博格
L2_76,S3048,胰岛素促泌剂,依必达
L2_76,S3049,胰岛素促泌剂,益定舒
L2_76,S3050,胰岛素促泌剂,优哒灵
L2_76,S3051,胰岛素促泌剂,元坦
L2_76,S3052,胰岛素促泌剂,智唐
L2_76,S3053,胰岛素促泌剂,格列喹酮分散片
L2_76,S3054,胰岛素促泌剂,格列喹酮片
L2_76,S3055,胰岛素促泌剂,捷适
L2_76,S3056,胰岛素促泌剂,糖适平
L2_76,S3057,胰岛素促泌剂,甲苯磺丁脲片
L2_76,S3058,胰岛素促泌剂,甲苯磺丁脲
L2_76,S3059,胰岛素促泌剂,法艾斯
L2_76,S3060,胰岛素促泌剂,法迪
L2_76,S3061,胰岛素促泌剂,快如妥
L2_76,S3062,胰岛素促泌剂,米格列奈钙片
L2_76,S3063,胰岛素促泌剂,诺唐平
L2_76,S3064,胰岛素促泌剂,唐奥
L2_76,S3065,胰岛素促泌剂,安唐平
L2_76,S3066,胰岛素促泌剂,贝加
L2_76,S3067,胰岛素促泌剂,丹平
L2_76,S3068,胰岛素促泌剂,迪方
L2_76,S3069,胰岛素促泌剂,芙格清
L2_76,S3070,胰岛素促泌剂,可宾
L2_76,S3071,胰岛素促泌剂,拉姆
L2_76,S3072,胰岛素促泌剂,罗愉
L2_76,S3073,胰岛素促泌剂,那格列奈分散片
L2_76,S3074,胰岛素促泌剂,那格列奈片
L2_76,S3075,胰岛素促泌剂,齐复
L2_76,S3076,胰岛素促泌剂,唐力
L2_76,S3077,胰岛素促泌剂,唐瑞
L2_76,S3078,胰岛素促泌剂,唐易
L2_76,S3079,胰岛素促泌剂,孚来迪
L2_76,S3080,胰岛素促泌剂,诺和龙
L2_76,S3081,胰岛素促泌剂,万生力平
L2_76,S3082,胰岛素促泌剂,米格列奈
L2_76,S3083,胰岛素促泌剂,那格列奈
L2_76,S3084,胰岛素促泌剂,瑞格列奈
L2_76,S3085,胰岛素促泌剂,促泌剂
L2_76,S3086,胰岛素促泌剂,瑞格列奈片
L2_77,S3087,DPP-4抑制剂,DPP-4抑制剂
L2_77,S3088,DPP-4抑制剂,DPP4
L2_77,S3089,DPP-4抑制剂,西格列汀
L2_77,S3090,DPP-4抑制剂,阿格列汀
L2_77,S3091,DPP-4抑制剂,利格列汀
L2_77,S3092,DPP-4抑制剂,沙格列汀
L2_77,S3093,DPP-4抑制剂,维格列汀
L2_77,S3094,DPP-4抑制剂,尼欣那
L2_77,S3095,DPP-4抑制剂,欧唐宁
L2_77,S3096,DPP-4抑制剂,安立泽
L2_77,S3097,DPP-4抑制剂,捷诺维
L2_77,S3098,DPP-4抑制剂,佳维乐
L2_77,S3099,DPP-4抑制剂,DDP-4
L2_77,S3100,DPP-4抑制剂,DDP 4
L2_77,S3101,DPP-4抑制剂,DPP-4
L2_78,S3102,SGLT2,SGLT2
L2_78,S3103,SGLT2,SGLT2抑制剂
L2_78,S3104,SGLT2,坎格列净
L2_78,S3105,SGLT2,达格列净
L2_78,S3106,SGLT2,依帕列净
L2_78,S3107,SGLT2,欧唐静
L2_78,S3108,SGLT2,安达唐
L2_78,S3109,SGLT2,卡格列净
L2_78,S3110,SGLT2,sglt-2
L2_79,S3111,TZDs,TZDs
L2_79,S3112,TZDs,吡格列酮
L2_79,S3113,TZDs,胰岛素增敏剂
L2_79,S3114,TZDs,TZD
L2_79,S3115,TZDs,罗格列酮
L2_79,S3116,TZDs,艾可拓
L2_79,S3117,TZDs,艾汀
L2_79,S3118,TZDs,安可妥
L2_79,S3119,TZDs,安龙平
L2_79,S3120,TZDs,贝唐宁
L2_79,S3121,TZDs,顿灵
L2_79,S3122,TZDs,佳普喜
L2_79,S3123,TZDs,卡司平
L2_79,S3124,TZDs,凯宝维元
L2_79,S3125,TZDs,可成
L2_79,S3126,TZDs,列洛
L2_79,S3127,TZDs,欧迪贝
L2_79,S3128,TZDs,倩尔
L2_79,S3129,TZDs,瑞格临
L2_79,S3130,TZDs,瑞彤
L2_79,S3131,TZDs,泰洛平
L2_79,S3132,TZDs,唐敏
L2_79,S3133,TZDs,万苏敏
L2_79,S3134,TZDs,盐酸吡格列酮分散片
L2_79,S3135,TZDs,盐酸吡格列酮片
L2_79,S3136,TZDs,夷友
L2_79,S3137,TZDs,爱能
L2_79,S3138,TZDs,奥洛华
L2_79,S3139,TZDs,酒石酸罗格列酮分散片
L2_79,S3140,TZDs,酒石酸罗格列酮胶囊
L2_79,S3141,TZDs,科能
L2_79,S3142,TZDs,洛各单
L2_79,S3143,TZDs,耐迪
L2_79,S3144,TZDs,圣敏
L2_79,S3145,TZDs,太罗
L2_79,S3146,TZDs,维戈洛
L2_79,S3147,TZDs,文迪雅
L2_79,S3148,TZDs,宜力喜
L2_79,S3149,TZDs,罗格列
L2_79,S3150,TZDs,噻唑烷酮
L2_79,S3151,TZDs,噻唑烷二酮类
L2_80,S3152,GLP1,GLP1
L2_80,S3153,GLP1,GLP1-RA
L2_80,S3154,GLP1,GLP-1 RA
L2_80,S3155,GLP1,GLP1RA
L2_80,S3156,GLP1,GLP-1RAs
L2_80,S3157,GLP1,GLP-1类似物
L2_80,S3158,GLP1,GLP1受体激动剂
L2_80,S3159,GLP1,Semaglutide
L2_80,S3160,GLP1,Taspoglutide
L2_80,S3161,GLP1,LIRA-DPP-4
L2_80,S3162,GLP1,DUAL VII
L2_80,S3163,GLP1,SUSTAIN
L2_80,S3164,GLP1,LEADER研究
L2_80,S3165,GLP1,IDegLira
L2_80,S3166,GLP1,OG217SC
L2_80,S3167,GLP1,SCALE研究
L2_80,S3168,GLP1,GLP-1R/GCGR
L2_80,S3169,GLP1,贝那鲁肽
L2_80,S3170,GLP1,艾塞那肽
L2_80,S3171,GLP1,度拉糖肽
L2_80,S3172,GLP1,阿必鲁肽
L2_80,S3173,GLP1,利斯那肽
L2_80,S3174,GLP1,谊生泰
L2_80,S3175,GLP1,百达扬
L2_80,S3176,GLP1,GIP
L2_80,S3177,GLP1,脂代谢
L2_80,S3178,GLP1,脂肪分布
L2_80,S3179,GLP1,GLP-1敏感性
L2_80,S3180,GLP1,肠促胰素类药物
L2_80,S3181,GLP1,胰高血糖素类似物
L2_80,S3182,GLP1,Glp
L2_80,S3183,GLP1,肠促胰素
L2_80,S3184,GLP1,口服semaglutide
L2_80,S3185,GLP1,诺和针
L2_80,S3186,GLP1,百泌达
L2_80,S3187,GLP1,GLP-1
L2_80,S3188,GLP1,利拉鲁肽
L2_80,S3189,GLP1,诺和力
L2_80,S3190,GLP1,glp
L2_80,S3191,GLP1,艾赛那肽
L2_80,S3192,GLP1,索马鲁肽
L2_80,S3193,GLP1,GLP一1
L2_80,S3194,GLP1,利拉鲁太
L2_80,S3195,GLP1,利拉鲁泰注射液
L2_81,S3196,德谷胰岛素,德谷胰岛素
L2_81,S3197,德谷胰岛素,诺和达
L2_81,S3198,德谷胰岛素,德谷胰岛素注射液
L2_81,S3199,德谷胰岛素,德谷
L2_82,S3200,地特胰岛素,地特胰岛素
L2_82,S3201,地特胰岛素,诺和平
L2_82,S3202,地特胰岛素,地特
L2_83,S3203,甘精胰岛素,甘精胰岛素
L2_83,S3204,甘精胰岛素,Iglar
L2_83,S3205,甘精胰岛素,来得时
L2_84,S3206,门冬胰岛素,门冬胰岛素
L2_84,S3207,门冬胰岛素,门冬胰岛素30
L2_84,S3208,门冬胰岛素,门冬
L2_84,S3209,门冬胰岛素,门冬30胰岛素
L2_84,S3210,门冬胰岛素,锐30
L2_84,S3211,门冬胰岛素,门冬胰岛素 30
L2_84,S3212,门冬胰岛素,门冬30
L2_84,S3213,门冬胰岛素,锐 30
L2_85,S3214,重组人胰岛素,重组人胰岛素
L2_85,S3215,重组人胰岛素,生物合成人胰岛素
L2_85,S3216,重组人胰岛素,人胰岛素
L2_85,S3217,重组人胰岛素,诺和灵
L2_85,S3218,重组人胰岛素,优思灵
L2_86,S3219,人胰岛素类似物,人胰岛素类似物
L2_86,S3220,人胰岛素类似物,胰岛素类似物
L2_86,S3221,人胰岛素类似物,类似物胰岛素
L2_86,S3222,人胰岛素类似物,精蛋白人胰岛素
L2_87,S3223,基础胰岛素,甘舒霖N
L2_87,S3224,基础胰岛素,诺和灵 N
L2_87,S3225,基础胰岛素,诺和灵N
L2_87,S3226,基础胰岛素,优泌林 N
L2_87,S3227,基础胰岛素,优思灵 N
L2_87,S3228,基础胰岛素,重和林 N
L2_87,S3229,基础胰岛素,甘精
L2_87,S3230,基础胰岛素,地特
L2_87,S3231,基础胰岛素,优泌林N
L2_87,S3232,基础胰岛素,优思灵N
L2_87,S3233,基础胰岛素,重和林N
L2_87,S3234,基础胰岛素,长效胰岛素
L2_87,S3235,基础胰岛素,长效
L2_87,S3236,基础胰岛素,地特胰岛素
L2_87,S3237,基础胰岛素,甘精胰岛素
L2_87,S3238,基础胰岛素,诺和平
L2_87,S3239,基础胰岛素,基础胰岛素
L2_87,S3240,基础胰岛素,基础
L2_87,S3241,基础胰岛素,来得时
L2_87,S3242,基础胰岛素,长秀霖
L2_87,S3243,基础胰岛素,诺盒玲n
L2_88,S3244,短效/速效胰岛素,速效胰岛素
L2_88,S3245,短效/速效胰岛素,速效胰岛素类似物
L2_88,S3246,短效/速效胰岛素,餐时胰岛素
L2_88,S3247,短效/速效胰岛素,甘舒霖 R
L2_88,S3248,短效/速效胰岛素,诺和灵 R
L2_88,S3249,短效/速效胰岛素,万邦林R
L2_88,S3250,短效/速效胰岛素,优泌林R
L2_88,S3251,短效/速效胰岛素,优思灵 R
L2_88,S3252,短效/速效胰岛素,重和林 R
L2_88,S3253,短效/速效胰岛素,速秀霖
L2_88,S3254,短效/速效胰岛素,优泌乐
L2_88,S3255,短效/速效胰岛素,短效胰岛素
L2_88,S3256,短效/速效胰岛素,诺和锐
L2_88,S3257,短效/速效胰岛素,甘舒霖R
L2_88,S3258,短效/速效胰岛素,诺和灵R
L2_88,S3259,短效/速效胰岛素,万邦林 R
L2_88,S3260,短效/速效胰岛素,优泌林 R
L2_88,S3261,短效/速效胰岛素,优思灵R
L2_88,S3262,短效/速效胰岛素,重和林R
L2_88,S3263,短效/速效胰岛素,短效
L2_88,S3264,短效/速效胰岛素,诺和瑞
L2_89,S3265,预混胰岛素,预混胰岛素
L2_89,S3266,预混胰岛素,预混人胰岛素
L2_89,S3267,预混胰岛素,预混胰岛素类似物
L2_89,S3268,预混胰岛素,预混胰岛素治疗方案
L2_89,S3269,预混胰岛素,诺和锐30
L2_89,S3270,预混胰岛素,诺和锐50
L2_89,S3271,预混胰岛素,甘舒霖30R
L2_89,S3272,预混胰岛素,甘舒霖40R
L2_89,S3273,预混胰岛素,甘舒霖50R
L2_89,S3274,预混胰岛素,诺和灵 30R
L2_89,S3275,预混胰岛素,诺和灵 50R
L2_89,S3276,预混胰岛素,优泌林 70/30
L2_89,S3277,预混胰岛素,优思灵 30R
L2_89,S3278,预混胰岛素,优思灵 50R
L2_89,S3279,预混胰岛素,重和林 M30
L2_89,S3280,预混胰岛素,速秀霖25
L2_89,S3281,预混胰岛素,优泌乐25
L2_89,S3282,预混胰岛素,优泌乐50
L2_89,S3283,预混胰岛素,万苏林 30R
L2_89,S3284,预混胰岛素,诺和锐 30
L2_89,S3285,预混胰岛素,诺和锐 50
L2_89,S3286,预混胰岛素,甘舒霖 30R
L2_89,S3287,预混胰岛素,甘舒霖 40R
L2_89,S3288,预混胰岛素,甘舒霖 50R
L2_89,S3289,预混胰岛素,诺和灵30R
L2_89,S3290,预混胰岛素,诺和灵50R
L2_89,S3291,预混胰岛素,优思灵30R
L2_89,S3292,预混胰岛素,优思灵50R
L2_89,S3293,预混胰岛素,重和林M30
L2_89,S3294,预混胰岛素,速秀霖 25
L2_89,S3295,预混胰岛素,优泌乐 25
L2_89,S3296,预混胰岛素,优泌乐 50
L2_89,S3297,预混胰岛素,万苏林30R
L2_89,S3298,预混胰岛素,预混
L2_89,S3299,预混胰岛素,锐30
L2_89,S3300,预混胰岛素,锐50
L2_89,S3301,预混胰岛素,50R
L2_89,S3302,预混胰岛素,诺和50
L2_90,S3303,胰岛素强化治疗,胰岛素强化治疗
L2_90,S3304,胰岛素强化治疗,强化治疗
L2_90,S3305,胰岛素强化治疗,强化治疗方案
L2_90,S3306,胰岛素强化治疗,胰岛素强化
L2_90,S3307,胰岛素强化治疗,基础餐时
L2_90,S3308,胰岛素强化治疗,基础-餐时
L2_90,S3309,胰岛素强化治疗,强化模式
L2_90,S3310,胰岛素强化治疗,强化降糖
L2_90,S3311,胰岛素强化治疗,强化胰岛素治疗
L2_90,S3312,胰岛素强化治疗,强化起始
L2_91,S3313,起始胰岛素治疗,起始胰岛素治疗
L2_91,S3314,起始胰岛素治疗,起始
L2_91,S3315,起始胰岛素治疗,起始方案
L2_91,S3316,起始胰岛素治疗,起始剂量
L2_91,S3317,起始胰岛素治疗,起始治疗
L2_91,S3318,起始胰岛素治疗,起始调节
L2_91,S3319,起始胰岛素治疗,启动剂量调整
L2_91,S3320,起始胰岛素治疗,启动胰岛素治疗
L2_91,S3321,起始胰岛素治疗,时启动
L2_91,S3322,起始胰岛素治疗,开始使用胰岛素治疗
L2_91,S3323,起始胰岛素治疗,胰岛素治疗启动
L2_92,S3324,胰岛素知识,20年代胰岛
L2_92,S3325,胰岛素知识,常用胰岛素
L2_92,S3326,胰岛素知识,常用胰岛素有哪些类型
L2_92,S3327,胰岛素知识,打了胰岛素血糖还高
L2_92,S3328,胰岛素知识,第三代胰岛素
L2_92,S3329,胰岛素知识,读懂胰岛素
L2_92,S3330,胰岛素知识,对胰岛素有以下这11个误区
L2_92,S3331,胰岛素知识,关于胰岛素
L2_92,S3332,胰岛素知识,关于胰岛素的以讹传讹
L2_92,S3333,胰岛素知识,救我的胰岛素
L2_92,S3334,胰岛素知识,看胰岛素
L2_92,S3335,胰岛素知识,怕的可能不是胰岛素
L2_92,S3336,胰岛素知识,认识胰岛素
L2_92,S3337,胰岛素知识,什么时候应该使用胰岛素
L2_92,S3338,胰岛素知识,什么是胰岛素
L2_92,S3339,胰岛素知识,是不是能用口服药就不用胰岛素
L2_92,S3340,胰岛素知识,我和胰岛素的
L2_92,S3341,胰岛素知识,先用胰岛素
L2_92,S3342,胰岛素知识,选对胰岛素了吗
L2_92,S3343,胰岛素知识,胰岛素，需要，不需要
L2_92,S3344,胰岛素知识,胰岛素被发现之简史
L2_92,S3345,胰岛素知识,胰岛素的差异
L2_92,S3346,胰岛素知识,胰岛素的发展
L2_92,S3347,胰岛素知识,胰岛素的发展史
L2_92,S3348,胰岛素知识,胰岛素的接力赛
L2_92,S3349,胰岛素知识,胰岛素的经济账
L2_92,S3350,胰岛素知识,胰岛素发挥最大功效
L2_92,S3351,胰岛素知识,胰岛素发挥最大作用
L2_92,S3352,胰岛素知识,胰岛素该出手时就出手
L2_92,S3353,胰岛素知识,胰岛素会成瘾吗
L2_92,S3354,胰岛素知识,胰岛素会上瘾吗
L2_92,S3355,胰岛素知识,胰岛素是否需调整
L2_92,S3356,胰岛素知识,胰岛素是治疗糖尿病
L2_92,S3357,胰岛素知识,胰岛素是最后的选择吗
L2_92,S3358,胰岛素知识,胰岛素误区
L2_92,S3359,胰岛素知识,胰岛素用对了吗
L2_92,S3360,胰岛素知识,胰岛素用还是不用
L2_92,S3361,胰岛素知识,胰岛素有哪些类型
L2_92,S3362,胰岛素知识,胰岛素之间的关系
L2_92,S3363,胰岛素知识,胰岛素种类
L2_92,S3364,胰岛素知识,胰岛素装置
L2_92,S3365,胰岛素知识,用好胰岛素
L2_92,S3366,胰岛素知识,用了胰岛素还需要
L2_92,S3367,胰岛素知识,用着胰岛素血糖也难降
L2_92,S3368,胰岛素知识,胰岛素与其他相关药物
L2_92,S3369,胰岛素知识,胰岛素与血糖
L2_92,S3370,胰岛素知识,胰岛素真的会上瘾吗
L2_92,S3371,胰岛素知识,影响胰岛素的吸收
L2_92,S3372,胰岛素知识,胰岛素知识
L2_92,S3373,胰岛素知识,夷岛素
L2_92,S3374,胰岛素知识,姨岛
L2_92,S3375,胰岛素知识,胰岛r细胞分泌不足
L2_92,S3376,胰岛素知识,胰岛萎缩
L2_93,S3377,胰岛素使用方法,胰岛素使用方法
L2_93,S3378,胰岛素使用方法,胰岛素选择
L2_93,S3379,胰岛素使用方法,胰岛素分类
L2_93,S3380,胰岛素使用方法,胰岛素剂量
L2_93,S3381,胰岛素使用方法,胰岛素简介
L2_93,S3382,胰岛素使用方法,胰岛素增量
L2_93,S3383,胰岛素使用方法,胰岛素常见不良反应
L2_93,S3384,胰岛素使用方法,静滴敏感
L2_93,S3385,胰岛素使用方法,基础输注率
L2_93,S3386,胰岛素使用方法,两针方案
L2_93,S3387,胰岛素使用方法,4针方案
L2_93,S3388,胰岛素使用方法,胰岛素效果
L2_93,S3389,胰岛素使用方法,增重
L2_93,S3390,胰岛素使用方法,胰岛素
L2_93,S3391,胰岛素使用方法,胰岛素的分类
L2_93,S3392,胰岛素使用方法,不同胰岛素制剂
L2_93,S3393,胰岛素使用方法,使用胰岛素有误区
L2_93,S3394,胰岛素使用方法,胰岛素的起效时间
L2_93,S3395,胰岛素使用方法,胰岛素的种类和特点
L2_93,S3396,胰岛素使用方法,胰岛素用量
L2_93,S3397,胰岛素使用方法,用胰岛素控制好血糖
L2_93,S3398,胰岛素使用方法,应用胰岛素
L2_93,S3399,胰岛素使用方法,胰岛素越打越多
L2_93,S3400,胰岛素使用方法,打胰岛素
L2_93,S3401,胰岛素使用方法,打针
L2_93,S3402,胰岛素使用方法,胰岛素治疗
L2_93,S3403,胰岛素使用方法,糖尿病要天打
L2_94,S3404,胰岛素笔/注射器,胰岛素笔/注射器
L2_94,S3405,胰岛素笔/注射器,胰岛素笔
L2_94,S3406,胰岛素笔/注射器,注射器
L2_94,S3407,胰岛素笔/注射器,胰岛素注射器
L2_94,S3408,胰岛素笔/注射器,更换笔芯
L2_94,S3409,胰岛素笔/注射器,诺和笔
L2_94,S3410,胰岛素笔/注射器,胰岛素给药装置
L2_94,S3411,胰岛素笔/注射器,胰岛素注射装置
L2_94,S3412,胰岛素笔/注射器,笔芯
L2_94,S3413,胰岛素笔/注射器,笔
L2_94,S3414,胰岛素笔/注射器,胰岛素装置
L2_94,S3415,胰岛素笔/注射器,特充操作
L2_94,S3416,胰岛素笔/注射器,摇匀阶段
L2_94,S3417,胰岛素笔/注射器,笔坏了
L2_94,S3418,胰岛素笔/注射器,操作指导视频
L2_94,S3419,胰岛素笔/注射器,打胰导素的方法
L2_94,S3420,胰岛素笔/注射器,换针视屏
L2_95,S3421,针头的使用,进针角度
L2_95,S3422,针头的使用,抛弃针头
L2_95,S3423,针头的使用,针头
L2_95,S3424,针头的使用,胰岛素针头
L2_95,S3425,针头的使用,针头的使用
L2_95,S3426,针头的使用,装入针头
L2_95,S3427,针头的使用,针
L2_95,S3428,针头的使用,注射针
L2_96,S3429,胰岛素泵,胰岛素泵
L2_96,S3430,胰岛素泵,泵
L2_96,S3431,胰岛素泵,福尼亚二代泵
L2_96,S3432,胰岛素泵,带泵
L2_97,S3433,如何注射胰岛素,忘记注射
L2_97,S3434,如何注射胰岛素,皮下注射
L2_97,S3435,如何注射胰岛素,出血了
L2_97,S3436,如何注射胰岛素,打胰岛素
L2_97,S3437,如何注射胰岛素,打胰岛素不起包
L2_97,S3438,如何注射胰岛素,捏皮
L2_97,S3439,如何注射胰岛素,剩余剂量
L2_97,S3440,如何注射胰岛素,胰岛素笔用法不对
L2_97,S3441,如何注射胰岛素,胰岛素注射部位
L2_97,S3442,如何注射胰岛素,胰岛素注射器
L2_97,S3443,如何注射胰岛素,胰岛素注射小贴士
L2_97,S3444,如何注射胰岛素,胰岛素注射知识
L2_97,S3445,如何注射胰岛素,这样打胰岛素
L2_97,S3446,如何注射胰岛素,正确的部位
L2_97,S3447,如何注射胰岛素,正确注射
L2_97,S3448,如何注射胰岛素,注射部位
L2_97,S3449,如何注射胰岛素,注射部位的轮换
L2_97,S3450,如何注射胰岛素,注射部位选择
L2_97,S3451,如何注射胰岛素,注射部位与时间
L2_97,S3452,如何注射胰岛素,注射错误
L2_97,S3453,如何注射胰岛素,注射很疼吗
L2_97,S3454,如何注射胰岛素,注射技术
L2_97,S3455,如何注射胰岛素,注射轮换部位
L2_97,S3456,如何注射胰岛素,注射前检查
L2_97,S3457,如何注射胰岛素,注射疼痛
L2_97,S3458,如何注射胰岛素,注射胰岛素
L2_97,S3459,如何注射胰岛素,注射
L2_97,S3460,如何注射胰岛素,部位
L2_97,S3461,如何注射胰岛素,胰岛素注射
L2_97,S3462,如何注射胰岛素,腿
L2_97,S3463,如何注射胰岛素,位置
L2_97,S3464,如何注射胰岛素,肚子
L2_97,S3465,如何注射胰岛素,大腿
L2_97,S3466,如何注射胰岛素,胳膊
L2_97,S3467,如何注射胰岛素,手臂
L2_98,S3468,胰岛素的保存和携带,胰岛素该放在
L2_98,S3469,胰岛素的保存和携带,保存胰岛素
L2_98,S3470,胰岛素的保存和携带,这样放胰岛素
L2_98,S3471,胰岛素的保存和携带,胰岛素的保存
L2_98,S3472,胰岛素的保存和携带,温度对胰岛素
L2_98,S3473,胰岛素的保存和携带,胰岛素保存
L2_98,S3474,胰岛素的保存和携带,胰岛素的存储
L2_98,S3475,胰岛素的保存和携带,胰岛素存储
L2_99,S3476,数据统计,RCT
L2_99,S3477,数据统计,RWE
L2_99,S3478,数据统计,指数排名
L2_99,S3479,数据统计,发病率
L2_99,S3480,数据统计,死亡率
L2_99,S3481,数据统计,ZJU指数
L2_99,S3482,数据统计,种族差异
L2_99,S3483,数据统计,糖尿病大数据
L2_99,S3484,数据统计,中国证据
L2_99,S3485,数据统计,糖尿病分布
L2_99,S3486,数据统计,地域差异
L2_99,S3487,数据统计,人群
L2_99,S3488,数据统计,东西方
L2_99,S3489,数据统计,糖尿病代谢谱
L2_99,S3490,数据统计,随机双盲空白对照期临床试验
L2_99,S3491,数据统计,Trial
L2_99,S3492,数据统计,临床综述
L2_99,S3493,数据统计,中国基诺族
L2_99,S3494,数据统计,前世今生
L2_99,S3495,数据统计,血糖生成指数
L2_99,S3496,数据统计,Lancet
L2_99,S3497,数据统计,作用机制
L2_99,S3498,数据统计,临床应用机制探讨
L2_99,S3499,数据统计,数据统计
L2_99,S3500,数据统计,CCD
L2_99,S3501,数据统计,RoH半数规律模型
L2_99,S3502,数据统计,健康经济简报
L2_99,S3503,数据统计,流行症状
L2_99,S3504,数据统计,流行病学
L2_99,S3505,数据统计,分布
L2_99,S3506,数据统计,双盲空白对照
L2_99,S3507,数据统计,指数
L2_99,S3508,数据统计,发展史
L2_99,S3509,数据统计,流行现状
L2_99,S3510,数据统计,控制现状
L2_99,S3511,数据统计,中国人糖尿病高发
L2_99,S3512,数据统计,中国人更容易患糖尿病
L2_99,S3513,数据统计,糖尿病数据
L2_99,S3514,数据统计,调查结果
L2_100,S3515,临床分析/病例分析,临床分析
L2_100,S3516,临床分析/病例分析,系统评价meta分析
L2_100,S3517,临床分析/病例分析,相关危险因素分析
L2_100,S3518,临床分析/病例分析,效果分析
L2_100,S3519,临床分析/病例分析,应用价值分析
L2_100,S3520,临床分析/病例分析,原因分析
L2_100,S3521,临床分析/病例分析,原因分析应对
L2_100,S3522,临床分析/病例分析,专题讨论
L2_100,S3523,临床分析/病例分析,荟萃
L2_100,S3524,临床分析/病例分析,机制研究
L2_100,S3525,临床分析/病例分析,疗效对比研究
L2_100,S3526,临床分析/病例分析,疗效观察
L2_100,S3527,临床分析/病例分析,临床研究
L2_100,S3528,临床分析/病例分析,临床意义
L2_100,S3529,临床分析/病例分析,效果观察
L2_100,S3530,临床分析/病例分析,效果研究
L2_100,S3531,临床分析/病例分析,研究
L2_100,S3532,临床分析/病例分析,临床实验
L2_100,S3533,临床分析/病例分析,病例分享
L2_100,S3534,临床分析/病例分析,案例分析
L2_100,S3535,临床分析/病例分析,胰腺功能
L2_100,S3536,临床分析/病例分析,病例
L2_100,S3537,临床分析/病例分析,大鼠
L2_100,S3538,临床分析/病例分析,综述
L2_100,S3539,临床分析/病例分析,危险因素分析
L2_100,S3540,临床分析/病例分析,价值分析
L2_100,S3541,临床分析/病例分析,临床试验
L2_100,S3542,临床分析/病例分析,血糖变异性
L2_100,S3543,临床分析/病例分析,不良结局
L2_100,S3544,临床分析/病例分析,Tau蛋白水平
L2_100,S3545,临床分析/病例分析,糖尿病病理
L2_100,S3546,临床分析/病例分析,免疫球蛋白
L2_100,S3547,临床分析/病例分析,性激素
L2_100,S3548,临床分析/病例分析,血乳酸水平
L2_100,S3549,临床分析/病例分析,胰岛素浓度异常
L2_100,S3550,临床分析/病例分析,胰岛细胞薄膜化
L2_101,S3551,指南,指南
L2_101,S3552,指南,糖尿病指南
L2_101,S3553,指南,糖尿病防治指南
L2_101,S3554,指南,ADA
L2_101,S3555,指南,AACE
L2_101,S3556,指南,ACE
L2_101,S3557,指南,CDS
L2_101,S3558,指南,美国临床内分泌医师协会
L2_101,S3559,指南,IDF
L2_101,S3560,指南,美国糖尿病管理指南
L2_101,S3561,指南,中国糖尿病膳食指南
L2_101,S3562,指南,指南建议
L2_101,S3563,指南,指南速递
L2_101,S3564,指南,综合管理共识
L2_101,S3565,指南,专家共识解读
L2_101,S3566,指南,专家共识
L2_101,S3567,指南,看看共识说
L2_101,S3568,指南,共识
L2_101,S3569,指南,治疗方法新进展
L2_101,S3570,指南,重磅更新
L2_101,S3571,指南,最新
L2_101,S3572,指南,最新策略
L2_101,S3573,指南,最新证据
L2_101,S3574,指南,新版糖尿病防治指南
L2_101,S3575,指南,FDA批准
L2_101,S3576,指南,FDA顾问小组
L2_101,S3577,指南,研发
L2_101,S3578,指南,研究进展
L2_101,S3579,指南,研究速递
L2_101,S3580,指南,发布
L2_101,S3581,指南,进展变化
L2_101,S3582,指南,未来发展
L2_101,S3583,指南,CHMP
L2_101,S3584,指南,欧洲药品管理局人用医药产品委员会
L2_101,S3585,指南,CSE
L2_101,S3586,指南,新角度
L2_101,S3587,指南,新思路
L2_101,S3588,指南,EASD
L2_101,S3589,指南,JAMA
L2_101,S3590,指南,IDE抑制剂
L2_101,S3591,指南,英国前瞻性糖尿病研究
L2_101,S3592,指南,UKPDS
L2_101,S3593,指南,学术研讨会
L2_101,S3594,指南,治疗前沿
L2_101,S3595,指南,MiRNA
L2_101,S3596,指南,科学研究
L2_101,S3597,指南,新篇章
L2_101,S3598,指南,大庆研究新成果
L2_101,S3599,指南,慢性病防治
L2_101,S3600,指南,进展
L2_102,S3601,新进展,新进展
L2_102,S3602,新进展,更新版
L2_102,S3603,新进展,更新
L2_102,S3604,新进展,糖尿病新治法
L2_102,S3605,新进展,创新模式
L2_102,S3606,新进展,创新启示
L2_102,S3607,新进展,新成果
L2_102,S3608,新进展,看看更新
L2_102,S3609,新进展,全新改版
L2_102,S3610,新进展,新靶点
L2_102,S3611,新进展,新版
L2_102,S3612,新进展,新技术
L2_102,S3613,新进展,新篇章关注
L2_102,S3614,新进展,新认识
L2_102,S3615,新进展,新型基础胰岛素
L2_102,S3616,新进展,新药
L2_102,S3617,新进展,新增内容
L2_102,S3618,新进展,研究新进展
L2_102,S3619,新进展,学术热点综述
L2_102,S3620,新进展,人工胰腺
L2_102,S3621,新进展,移动医疗
L2_102,S3622,新进展,新型胰岛素
L2_102,S3623,新进展,口服胰岛素
L2_102,S3624,新进展,糖尿病免疫治疗
L2_102,S3625,新进展,糖尿病的免疫治疗
L2_102,S3626,新进展,免疫治疗
L2_102,S3627,新进展,靶向作用
L2_102,S3628,新进展,胆汁酸
L2_102,S3629,新进展,小核糖酸
L2_102,S3630,新进展,脂肪酶基因突变
L2_102,S3631,新进展,脂肪代谢物
L2_102,S3632,新进展,脂肪细胞
L2_102,S3633,新进展,胚胎肝细胞治疗
L2_102,S3634,新进展,新型FFAR1激动剂
L2_102,S3635,新进展,FFAR1激动剂
L2_102,S3636,新进展,新型微芯片
L2_102,S3637,新进展,NK细胞
L2_102,S3638,新进展,全新“好”脂肪
L2_102,S3639,新进展,白色脂肪变棕色
L2_102,S3640,新进展,Xultophy
L2_102,S3641,新进展,新型治疗手段
L2_102,S3642,新进展,糖尿病免疫疗法
L2_103,S3643,新闻,一周焦点
L2_103,S3644,新闻,糖友观球指南
L2_103,S3645,新闻,汤姆-汉克斯
L2_103,S3646,新闻,诺和诺德
L2_104,S3647,问答,答疑
L2_104,S3648,问答,名医讲糖
L2_104,S3649,问答,专家答
L2_104,S3650,问答,名医回音壁
L2_104,S3651,问答,问答
L2_104,S3652,问答,专家来答
L2_104,S3653,问答,问题解答
L2_105,S3654,小贴示,小贴示
L2_105,S3655,小贴示,医生故事
L2_105,S3656,小贴示,新年祝福
L2_105,S3657,小贴示,头脑王者争霸赛
L2_105,S3658,小贴示,表情包
L2_105,S3659,小贴示,锦囊
L2_105,S3660,小贴示,夏季药品存放
L2_106,S3661,会议,会议
L2_106,S3662,会议,NNDU
L2_106,S3663,会议,诺和诺德糖尿病论坛
L2_106,S3664,会议,会议报道
L2_106,S3665,会议,锵锵三人行
L2_106,S3666,会议,NNCDU
L2_106,S3667,会议,峰会
L2_106,S3668,会议,中华医学会内分泌学年会
L2_106,S3669,会议,内分泌学大会
L2_106,S3670,会议,学术会议
L2_106,S3671,会议,学术大会
L2_106,S3672,会议,医学演讲
L2_106,S3673,会议,慧聚地平线
L2_106,S3674,会议,星火论坛
L2_106,S3675,会议,世界糖尿病大会
L2_106,S3676,会议,大会
L2_106,S3677,会议,糖尿病协会科学年会
L2_106,S3678,会议,电话会议
L2_107,S3679,KOL,KOL
L2_107,S3680,KOL,毕艳
L2_107,S3681,KOL,曾龙驿
L2_107,S3682,KOL,陈璐璐
L2_107,S3683,KOL,高妍
L2_107,S3684,KOL,高政南
L2_107,S3685,KOL,洪天配
L2_107,S3686,KOL,黄勤
L2_107,S3687,KOL,纪立农
L2_107,S3688,KOL,雷闽湘
L2_107,S3689,KOL,李光伟
L2_107,S3690,KOL,李玲
L2_107,S3691,KOL,李启富
L2_107,S3692,KOL,李全民
L2_107,S3693,KOL,李延兵
L2_107,S3694,KOL,罗飞宏
L2_107,S3695,KOL,宁光
L2_107,S3696,KOL,沈洁
L2_107,S3697,KOL,石勇铨
L2_107,S3698,KOL,苏本利
L2_107,S3699,KOL,田浩明
L2_107,S3700,KOL,王卫庆
L2_107,S3701,KOL,吴红花
L2_107,S3702,KOL,向光大
L2_107,S3703,KOL,徐先明
L2_107,S3704,KOL,徐向进
L2_107,S3705,KOL,薛耀明
L2_107,S3706,KOL,杨涛
L2_107,S3707,KOL,杨文英
L2_107,S3708,KOL,尹福
L2_107,S3709,KOL,余学峰
L2_107,S3710,KOL,院士
L2_107,S3711,KOL,赵维刚
L2_107,S3712,KOL,朱慧娟
L2_107,S3713,KOL,邢小燕
L2_107,S3714,KOL,教授演讲
L2_107,S3715,KOL,贾伟平
L2_107,S3716,KOL,曲伸
L2_107,S3717,KOL,许樟荣
L2_107,S3718,KOL,武晓泓
L2_107,S3719,KOL,陆菊明
L2_107,S3720,KOL,母义明
L2_107,S3721,KOL,傅汉菁
L2_107,S3722,KOL,冉兴无
L2_107,S3723,KOL,孙子林
L2_107,S3724,KOL,Daniel Drucker
L2_107,S3725,KOL,陈伟
L2_107,S3726,KOL,郭晓蕙
L2_107,S3727,KOL,李蒙
L2_107,S3728,KOL,楼青青
L2_107,S3729,KOL,莫永珍
L2_107,S3730,KOL,陶静
L2_107,S3731,KOL,袁丽
L2_107,S3732,KOL,章秋
L2_107,S3733,KOL,翁建平
L2_107,S3734,KOL,杨慧霞
L2_107,S3735,KOL,李强
L2_107,S3736,KOL,彭永德
L2_107,S3737,KOL,赵维纲
L2_107,S3738,KOL,李小英
L2_107,S3739,KOL,李成江
L2_107,S3740,KOL,梁琳琅
L2_107,S3741,KOL,张俊清
L2_107,S3742,KOL,刘建英
L2_107,S3743,KOL,高鑫
L2_107,S3744,KOL,教授专访
L2_107,S3745,KOL,高峰
L2_107,S3746,KOL,胡大一
L2_108,S3747,价格资询,价格
L2_108,S3748,价格资询,多少钱
L2_109,S3749,会员积分相关,兑换
L2_109,S3750,会员积分相关,积分
L2_109,S3751,会员积分相关,免费奖品
L2_109,S3752,会员积分相关,签到礼品
L2_109,S3753,会员积分相关,小礼品
L2_109,S3754,会员积分相关,每日签到
L2_109,S3755,会员积分相关,兑换券
L2_109,S3756,会员积分相关,兑奖
L2_109,S3757,会员积分相关,还有礼物送吗
L2_109,S3758,会员积分相关,赠礼物
L2_109,S3759,会员积分相关,健康大礼包
L2_109,S3760,会员积分相关,健康礼包
L2_109,S3761,会员积分相关,精美礼品
L2_109,S3762,会员积分相关,礼品
L2_109,S3763,会员积分相关,礼品卷
L2_109,S3764,会员积分相关,礼品卷
L2_109,S3765,会员积分相关,礼品快递
L2_109,S3766,会员积分相关,礼品券
L2_109,S3767,会员积分相关,礼品要钱吗
L2_109,S3768,会员积分相关,纪念品
L2_110,S3769,基层,基层
L2_110,S3770,基层,县
L2_110,S3771,基层,村
L2_110,S3772,基层,镇
L2_110,S3773,基层,乡
L2_110,S3774,基层,卫生院
L2_110,S3775,基层,社区
L2_110,S3776,基层,服务中心
L2_110,S3777,基层,全科
L2_110,S3778,基层,家庭医生
L2_110,S3779,基层,分级诊疗
L2_110,S3780,基层,蓝色县域
L2_110,S3781,基层,下基层
L2_110,S3782,基层,农村
L2_110,S3783,基层,县级
